id,title,description,availability,condition,price,link,image_link,brand,product_type
68dd5154fd9b180004dbb44d,Ventilador Star Trak 3 en 1. 18” Aspas Plasticas,"🌀 Ventilador Star Trak 3 en 1 – 18"" El aliado para el verano: se usa de pie, de mesa o colgado, vos elegís. ✅ Motor 100% de cobre, 90W de potencia real 🍃 5 aspas plásticas, función oscilante para refrescar todo el ambiente ⚙️ 3 velocidades y base con ruedas (volante) para moverlo fácil 🔧 Altura ajustable, ideal para pieza, living o negocio 🇦🇷 Fabricado en Argentina",in stock,new,35800 ARS,https://primeramano.github.io/?p=68dd5154fd9b180004dbb44d,https://images.fravega.com/f1000/cb82514a861a1d2732fc55338cb9a9a4.jpg,Primera Mano,Electrodomésticos
6953e8c3dc6d370004989ab7,Secaplatos 2 Niveles Cromado,"Secaplatos 2 niveles cromado 🍽️ • 🗂️ 2 niveles para platos, vasos y utensilios • ✨ Acabado cromado resistente y moderno. Acero inoxidable • 💧 Permite un secado rápido y eficiente • 📦 Optimiza el espacio en la cocina. Medidas: 36*11*25cm  • 🧼 Fácil de limpiar y mantener",in stock,new,20400 ARS,https://primeramano.github.io/?p=6953e8c3dc6d370004989ab7,https://pency-images.nyc3.digitaloceanspaces.com/revoleoficial/1769114585370.jpg,Primera Mano,Cocina y Bazar
6953fbcd75004200045a8aba,Trípode con Aro de Luz 26CM,"📸 Trípode con aro de luz   💡 Iluminación ajustable para fotos y videos  🔄 Altura regulable y estable. Tamaño del aro 26cm   ✨ Ideal para streaming, TikTok y YouTube  💪 Resistente y fácil de usar  🎥 Perfecto para contenido profesional y creativo",in stock,new,16900 ARS,https://primeramano.github.io/?p=6953fbcd75004200045a8aba,https://pency-images.nyc3.digitaloceanspaces.com/revoleoficial/1769449950344.jpg,Primera Mano,Tecnología y Audio
6955184114a2850004a2b2ee,"Ventilador Aprilla 18"" 3 en 1","🌬️ Ventilador 3 en 1 – 18"" Versátil y potente, se adapta a pie, mesa o colgado según lo necesites. ✅ 90W de potencia, aspas metálicas resistentes 🔄 3 velocidades para regular el aire a gusto 📏 Altura máxima de 1,70m, perfecto para cualquier ambiente 🏠 Ideal para casa, local u oficina",in stock,new,38600 ARS,https://primeramano.github.io/?p=6955184114a2850004a2b2ee,https://gasloni.com.ar/wp-content/uploads/sites/32/2020/12/image-70.jpg,Primera Mano,Electrodomésticos
695519de8dd8da0004eb4e6c,"Ventilador Industrial 26"" 2 en 1","💨 Ventilador Industrial 26"" 2 en 1 Potencia industrial para espacios grandes: local, taller, quincho o galpón. ✅ 220W con motor de cobre reforzado 🌀 Aspas de aluminio estampado tipo aeronáutico, cabezal oscilante 🔧 2 en 1: se usa de pie o se cuelga en la pared (soporte incluido) 📏 Altura regulable hasta 1,70m 🔥 Fusible térmico de seguridad autorreseteable",in stock,new,125400 ARS,https://primeramano.github.io/?p=695519de8dd8da0004eb4e6c,https://images.fravega.com/f1000/f6a9fa9e53e90b5f12add50bcd111286.jpg,Primera Mano,Electrodomésticos
69551a158dd8da0004eb4e6f,"Ventilador Industrial 30"" 2 en 1","🌪️ Ventilador Industrial 30"" 2 en 1 El más grande de la línea: máximo caudal de aire para espacios amplios. ✅ 200W de potencia, motor robusto 🌀 3 aspas plásticas reforzadas, 3 velocidades 🔧 2 en 1: pie o pared, según lo necesites 📏 Altura ajustable hasta 1,40m 🏭 Ideal para comercios, talleres y galpones",in stock,new,157200 ARS,https://primeramano.github.io/?p=69551a158dd8da0004eb4e6f,https://images.fravega.com/f1000/86d175b4ec5155d0f43dac4db1ab18cd.jpg,Primera Mano,Electrodomésticos
69595613b9a3cb0004c25ab5,Mesa Plegable Blanca,"1.80 largo * 70 alto * 74 ancho  🔄 Plegable y práctica: fácil de guardar y transportar.  ⚪ Color blanco elegante: combina con cualquier espacio.  🪵 Estructura resistente: estable y duradera.  🏠 Versátil: ideal para hogar, jardín o eventos.  ✨ Montaje rápido: lista para usar en segundos.  👜 Ligera y portátil: perfecta para llevar a cualquier lugar.",in stock,new,75200 ARS,https://primeramano.github.io/?p=69595613b9a3cb0004c25ab5,assets/products/69595613b9a3cb0004c25ab5-0.jpg?v=1788735813249,Primera Mano,Aire Libre y Jardín
6959563205fbf9000405365e,Mesa Plegable Negra,"1.80 largo * 70 alto * 74 ancho  🔄 Plegable y práctica: fácil de guardar y transportar.  ⚪ Color blanco elegante: combina con cualquier espacio.  🪵 Estructura resistente: estable y duradera.  🏠 Versátil: ideal para hogar, jardín o eventos.  ✨ Montaje rápido: lista para usar en segundos.  👜 Ligera y portátil: perfecta para llevar a cualquier lugar.",in stock,new,81800 ARS,https://primeramano.github.io/?p=6959563205fbf9000405365e,https://pency-images.nyc3.digitaloceanspaces.com/revoleoficial/1769129581705.jpg,Primera Mano,Aire Libre y Jardín
695956e5e5a31200048baded,Reposera 8 Posiciones,Características:  - 8 posiciones para brindar comodidad y soporte en diferentes posiciones 😌 - Material de aluminio reforzado para durabilidad y resistencia 💪 - Variedad de colores 🔥,in stock,new,31900 ARS,https://primeramano.github.io/?p=695956e5e5a31200048baded,https://pency-images.nyc3.digitaloceanspaces.com/revoleoficial/1769195611487.jpg,Primera Mano,Aire Libre y Jardín
695c54eb0ba0e300040b9b92,Especiero Giratorio 12 Frascos,"Incluye 12 frascos de vidrio, ideales para conservar especias frescas y organizadas. Su diseño giratorio facilita el acceso rápido, ahorra espacio y aporta un toque moderno a la cocina. Práctico, funcional y elegante.",in stock,new,35400 ARS,https://primeramano.github.io/?p=695c54eb0ba0e300040b9b92,https://pency-images.nyc3.digitaloceanspaces.com/revoleoficial/1772543912098.jpg,Primera Mano,Cocina y Bazar
695c55360ba0e300040b9b93,Dispenser para Baño X2,Dispensador de baño doble 🛁 • 🧴 Doble compartimento para jabón y shampoo si asi lo deseas • 💧 Dosificador práctico y fácil de usar • 🧵 Material resistente y duradero • 🧼 Fácil de limpiar y mantener • ✨ Diseño funcional y moderno para el baño,in stock,new,34600 ARS,https://primeramano.github.io/?p=695c55360ba0e300040b9b93,https://pency-images.nyc3.digitaloceanspaces.com/revoleoficial/1787928445545.jpg,Primera Mano,Baño y Limpieza
6967c03c18a2490004a8b837,Mesa Camping + 4 Banquetas,"🪑 Incluye 4 banquetas: todo el set listo para usar.  🔄 Plegable y compacta: fácil de guardar y transportar.  🪵 Estructura resistente: estable y duradera.  🏠 Versátil: ideal para jardín, camping o eventos.  ✨ Diseño práctico: montaje rápido y sencillo.  👜 Ligera y portátil: perfecta para cualquier ocasión.",in stock,new,73700 ARS,https://primeramano.github.io/?p=6967c03c18a2490004a8b837,https://pency-images.nyc3.digitaloceanspaces.com/revoleoficial/1768407063803.jpg,Primera Mano,Aire Libre y Jardín
69691e1f86039f0004b7f272,Lavarropas Kanji Carga Superior 4KG,"🌀 Capacidad 4 kg: ideal para cargas pequeñas o medianas.  ✅85,5cm de alto ✅50cm ancho  💧 Lavado eficiente: limpieza rápida y cuidadosa de la ropa.  ⚡ Consumo inteligente: ahorra agua y energía.  🏠 Diseño compacto: perfecto para departamentos o espacios reducidos.  🖐️ Fácil de usar: controles simples e intuitivos. Control anti-niños   ✨ Material duradero: resistencia y larga vida útil.",in stock,new,360100 ARS,https://primeramano.github.io/?p=69691e1f86039f0004b7f272,https://pency-images.nyc3.digitaloceanspaces.com/revoleoficial/1769196385443.jpg,Primera Mano,Ofertas
69712ed66b62d50004ed4467,Parlante Panter,"🔊 Parlante Panter con luces de colores. 35W  🎶 Sonido potente y claro. Duracion de bateria 6hs  🔌 Conexión Bluetooth / USB / Aux  💡 Iluminación divertida y dinámica  💼 Portátil y fácil de llevar  🏠 Ideal para fiestas, casa o exteriores",in stock,new,78500 ARS,https://primeramano.github.io/?p=69712ed66b62d50004ed4467,https://pency-images.nyc3.digitaloceanspaces.com/revoleoficial/1769434000357.jpg,Primera Mano,Tecnología y Audio
697173689caa95000482fc7f,Carrito de Compras Apto Escalera,"Carrito de compras apto para escaleras – 35 litros 🛒 • 🔝 Diseñado para subir escaleras con facilidad • 🧳 Capacidad de 35 litros para más compras • 💧 Lavable y fácil de mantener limpio • 🧵 Material resistente y duradero.  • ✨ Diseño práctico, cómodo y funcional  ¡NO INCLUYE Bolsa de carga!",in stock,new,63400 ARS,https://primeramano.github.io/?p=697173689caa95000482fc7f,https://pency-images.nyc3.digitaloceanspaces.com/revoleoficial/1771948262230.jpg,Primera Mano,Ofertas
6977a0679d5eb10004edd360,Botella con Magsafe 1L,"💧 Capacidad 1 L – hidratación todo el día  🧲 Compatible con MagSafe – se fija fácilmente  🎨 Varios colores disponibles – elegí tu estilo  🧴 Material resistente, viene con pico y sorbete  ❄️🔥 Apta frío y calor – bebidas a tu gusto  🎒 Portátil y liviana – ideal para llevar",in stock,new,17400 ARS,https://primeramano.github.io/?p=6977a0679d5eb10004edd360,https://pency-images.nyc3.digitaloceanspaces.com/revoleoficial/1769447396122.jpg,Primera Mano,Ofertas
6977da710b2b5a0004ebfee2,Cargador Portátil 4 Cables + Linterna,✅CARGA RÁPIDA ✅4 ENTRADAS (4 tipos de carga) ✅LINTERNA ✅2 COLORES,in stock,new,15900 ARS,https://primeramano.github.io/?p=6977da710b2b5a0004ebfee2,https://pency-images.nyc3.digitaloceanspaces.com/revoleoficial/1772631180047.jpg,Primera Mano,Tecnología y Audio
6977dbda03e3e800045b39f5,Patillera,"✂️ Patillera recortadora de patillas y barba Precisión de barbería para tener el diseño siempre prolijo, sin salir de casa. ✅ 4 cabezales intercambiables (1.5mm, 2mm, 3mm y 4mm) 🔋 Recargable, sin cables que molesten 🧔 Ideal para perfilar barba, patillas y contornos 💈 Terminación tipo barbería profesional",in stock,new,5700 ARS,https://primeramano.github.io/?p=6977dbda03e3e800045b39f5,https://d22fxaf9t8d39k.cloudfront.net/ce805d8d1bb58bc7dc9d3d41828db1537f5d27d6b2b0ab5e81b9e02295f245b2104085.png,Primera Mano,Belleza y Bienestar
697b608428c0040004ebf6eb,Cámara Wifi 360 Om,Cámara Wifi 360 Om,in stock,new,26600 ARS,https://primeramano.github.io/?p=697b608428c0040004ebf6eb,https://pency-images.nyc3.digitaloceanspaces.com/revoleoficial/1769693274275.jpg,Primera Mano,Tecnología y Audio
697b60b977c70c0004c1e375,Armario Zapatero 10 Niveles,58*30*158,in stock,new,29300 ARS,https://primeramano.github.io/?p=697b60b977c70c0004c1e375,https://pency-images.nyc3.digitaloceanspaces.com/revoleoficial/1785873550165.jpg,Primera Mano,Organización
697ce5876d3ab50004353443,Sillon Inflable,Sillon Inflable,in stock,new,31100 ARS,https://primeramano.github.io/?p=697ce5876d3ab50004353443,https://pency-images.nyc3.digitaloceanspaces.com/revoleoficial/1769792872229.jpg,Primera Mano,Belleza y Bienestar
697d1c0c421e0300040b1a23,Escritorio con Estantes Blanco Mr25031,- Viene para ensamblar  - Materiales: Acero y madera  Profundidad: 48 cm Altura: 114 cm Ancho: 72 cm Largo: 115 cm Compuesto de madera. 3 estantes. Pesa 14kg.,in stock,new,106300 ARS,https://primeramano.github.io/?p=697d1c0c421e0300040b1a23,https://pency-images.nyc3.digitaloceanspaces.com/revoleoficial/1782574010815.jpg,Primera Mano,Hogar y Decoración
697d5542e630e100045a222a,Secaplatos 3 Niveles,Secaplatos 3 Niveles,in stock,new,37000 ARS,https://primeramano.github.io/?p=697d5542e630e100045a222a,https://pency-images.nyc3.digitaloceanspaces.com/revoleoficial/1769821486480.jpg,Primera Mano,Ofertas
697d58369b31bb0004506e9c,Reposera con Apoya Cabeza Tipo Cama,Reposera con Apoya Cabeza Tipo Cama,in stock,new,65800 ARS,https://primeramano.github.io/?p=697d58369b31bb0004506e9c,https://pency-images.nyc3.digitaloceanspaces.com/revoleoficial/1769822196829.jpg,Primera Mano,Aire Libre y Jardín
6984f276fb99b50004a176be,Bolsa Lavado Calzado Extra Premium,Bolsa Lavado Calzado Extra Premium,in stock,new,10000 ARS,https://primeramano.github.io/?p=6984f276fb99b50004a176be,https://pency-images.nyc3.digitaloceanspaces.com/revoleoficial/1786388115529.jpg,Primera Mano,Baño y Limpieza
698a4b62adb54b0004a8f848,Lampara RGB Party Tipo Foco Cod Us334,Lampara RGB Party Tipo Foco Cod Us334,in stock,new,38600 ARS,https://primeramano.github.io/?p=698a4b62adb54b0004a8f848,https://pency-images.nyc3.digitaloceanspaces.com/revoleoficial/1770670907612.jpg,Primera Mano,Iluminación
698a4bafadb54b0004a8f84a,Soporte Magsafe Contenido,Soporte Magsafe Contenido,in stock,new,39400 ARS,https://primeramano.github.io/?p=698a4bafadb54b0004a8f84a,https://pency-images.nyc3.digitaloceanspaces.com/revoleoficial/1770671003707.jpg,Primera Mano,Ofertas
698b96375b8f400004be8f52,Tabla para Flexiones Multifuncional,Tabla para Flexiones Multifuncional,in stock,new,18500 ARS,https://primeramano.github.io/?p=698b96375b8f400004be8f52,https://pency-images.nyc3.digitaloceanspaces.com/revoleoficial/1770755612477.jpg,Primera Mano,Belleza y Bienestar
698cf0b41ffcbb0004e4817c,Esquinero Organizador 3 Niveles,"Ideal: cocina, baño, dormitorio Largo: 38 cm Ancho: 36 cm Hecho en metal/plástico",in stock,new,46600 ARS,https://primeramano.github.io/?p=698cf0b41ffcbb0004e4817c,https://pency-images.nyc3.digitaloceanspaces.com/revoleoficial/1770844315797.jpg,Primera Mano,Ofertas
698e405daa07f90004e89585,Llave Tubo 94 Piezas Bm,Llave Tubo 94 Piezas Bm,in stock,new,66700 ARS,https://primeramano.github.io/?p=698e405daa07f90004e89585,https://pency-images.nyc3.digitaloceanspaces.com/revoleoficial/1773177505114.jpg,Primera Mano,Herramientas y Baterías
699089ea9b2cac000435ebaa,Parlante Inalámbrico Apto Agua 30W,Parlante Inalámbrico Apto Agua 30W,in stock,new,76600 ARS,https://primeramano.github.io/?p=699089ea9b2cac000435ebaa,https://pency-images.nyc3.digitaloceanspaces.com/revoleoficial/1771080134436.jpg,Primera Mano,Tecnología y Audio
699c881a5de0e70004126ad6,Mini Aspiradora 2 en 1,-ALTA DURACIÓN BATERÍA -UN SOLO BOTON Y DESECGA  -FÁCIL DE MOVER Y TRANSPORTAR,in stock,new,7400 ARS,https://primeramano.github.io/?p=699c881a5de0e70004126ad6,https://pency-images.nyc3.digitaloceanspaces.com/revoleoficial/1771866176419.jpg,Primera Mano,Baño y Limpieza
699cad6159fc21000435ae96,Nivel Laser Multifuncion 3 en 1,"🔴 Láser de alineación horizontal y vertical para trabajos precisos. 📐 3 niveles de burbuja integrados para medir en diferentes ángulos. 📏 Cinta métrica retráctil incorporada para tomar medidas rápidamente. 🏠 Ideal para colgar cuadros, instalar estantes, cortinas y muebles. 🎯 Permite marcar líneas rectas con mayor precisión. 🔋 Diseño compacto, liviano y fácil de transportar. 🛠️ Herramienta práctica para el hogar, oficina y proyectos de bricolaje.  ✅ Funciones: Nivel + Láser + Cinta Métrica en un solo dispositivo.",in stock,new,9100 ARS,https://primeramano.github.io/?p=699cad6159fc21000435ae96,https://pency-images.nyc3.digitaloceanspaces.com/revoleoficial/1782233701376.jpg,Primera Mano,Herramientas y Baterías
69a077003ea9860004676830,Canasto para Ropa,Canasto para Ropa,in stock,new,25500 ARS,https://primeramano.github.io/?p=69a077003ea9860004676830,https://pency-images.nyc3.digitaloceanspaces.com/revoleoficial/1772123893073.jpg,Primera Mano,Baño y Limpieza
69a0e9da22acab00046ac955,Proyector Astronauta,Proyector Astronauta,in stock,new,46000 ARS,https://primeramano.github.io/?p=69a0e9da22acab00046ac955,https://pency-images.nyc3.digitaloceanspaces.com/revoleoficial/1772153282064.jpg,Primera Mano,Ofertas
69a5e5164984b50004c79912,Cactus Bailarin,Cactus Bailarin,in stock,new,7300 ARS,https://primeramano.github.io/?p=69a5e5164984b50004c79912,https://pency-images.nyc3.digitaloceanspaces.com/revoleoficial/1772479734289.jpg,Primera Mano,Infantil y Juguetería
69a5e544d1fdb2000427d2c4,Set Contenedores Hermeticos X7,Set Contenedores Hermeticos X7,in stock,new,46700 ARS,https://primeramano.github.io/?p=69a5e544d1fdb2000427d2c4,https://pency-images.nyc3.digitaloceanspaces.com/revoleoficial/1772479774091.jpg,Primera Mano,Cocina y Bazar
69a8a111123e5b0004867297,Pava Corte Mate,"🧉 Pava eléctrica con corte para mate – 1.8L La aliada de todos los días para cebar en cualquier momento. ✅ Acero inoxidable, resistente y fácil de limpiar 🔥 Calienta rápido, apagado automático de seguridad 🚰 Boquilla con corte pensada para llenar el mate sin desperdiciar agua 🏠 Ideal para casa, oficina o kiosco",in stock,new,22000 ARS,https://primeramano.github.io/?p=69a8a111123e5b0004867297,https://images.fravega.com/f1000/94839dae9c542f2dff116f2616d3b0c6.jpg,Primera Mano,Electrodomésticos
69a98b14720cdc00042d4acf,Correa Retractil Giratoria para 2 Mascotas,Correa Retractil Giratoria para 2 Mascotas,in stock,new,21200 ARS,https://primeramano.github.io/?p=69a98b14720cdc00042d4acf,https://pency-images.nyc3.digitaloceanspaces.com/revoleoficial/1772718831869.jpg,Primera Mano,Mascotas
69a98d5e720cdc00042d4add,Set Contenedores Hermeticos X3,Set Contenedores Hermeticos X3,in stock,new,24100 ARS,https://primeramano.github.io/?p=69a98d5e720cdc00042d4add,https://pency-images.nyc3.digitaloceanspaces.com/revoleoficial/1772479774091.jpg,Primera Mano,Cocina y Bazar
69aad5a04f911b0004eb4a0e,Horno Panadero Luqstoff Verde,"🍞 Horno Panadero Lüsqtoff Verde Hacé pan casero recién horneado apretando un botón, sin esfuerzo. ✅ 650W de potencia, hasta 1kg de pan por horneada 🖥️ 14 programas digitales: panes, masa de pizza, pastas, tortas y mermeladas ⏰ Timer con inicio demorado hasta 23hs, para programar y listo 🌰 Dispenser automático de frutos secos/semillas 👀 Ventana transparente para ver el proceso + molde antiadherente",in stock,new,214800 ARS,https://primeramano.github.io/?p=69aad5a04f911b0004eb4a0e,https://baproar.vtexassets.com/arquivos/ids/1659101-800-auto?v=638877667760730000&width=800&height=auto&aspect=true,Primera Mano,Electrodomésticos
69aad5e96ded3a0004e87010,Horno Panadero Lusqtoff Beige,"🍞 Horno Panadero Lüsqtoff Beige Pan casero todos los días, sin amasar ni ensuciar la cocina. ✅ 600W de potencia, hasta 1kg de pan por horneada 🖥️ 19 programas digitales para panes, masa de pizza, pastas, tortas y mermeladas 👀 Ventana transparente + display LCD con niveles de tostado 🎨 Color beige/cream, suma prolijo en cualquier cocina 🧰 Incluye vaso medidor, cuchara, molde antiadherente y paletas mezcladoras",in stock,new,179200 ARS,https://primeramano.github.io/?p=69aad5e96ded3a0004e87010,https://acdn-us.mitiendanube.com/stores/005/617/056/products/lq-mp100-ml_0000_d_nq_np_2x_855813-mla83650325074_042025-f-fa934978973635a8eb17492199269716-480-0.webp,Primera Mano,Electrodomésticos
69aad96f84289c0004b858f9,Extractor de Jugo,"🍊 Extractor de Jugo Eléctrico 600W ✔️ Extrae jugo de frutas y verduras enteras, sin cortar de más ✔️ Filtro de acero inoxidable + 2 velocidades para cada tipo de fruta ✔️ Depósito de pulpa grande y jarra con sistema antiespuma ✔️ Base de traba de un solo movimiento, súper segura ✔️ Ideal para desayunos y jugos naturales todos los días",in stock,new,115500 ARS,https://primeramano.github.io/?p=69aad96f84289c0004b858f9,https://images.fravega.com/f1000/a17429199424c3c69523e1df730b346f.jpg,Primera Mano,Electrodomésticos
69aadd9f84289c0004b858fd,Exprimidor Lusqtoff 85W,"🍋 Exprimidor Lusqtoff 700ml ✔️ Doble cono para naranjas, limones y pomelos de cualquier tamaño ✔️ Jarra transparente y graduada de 700 ml ✔️ Filtro removible, fácil de limpiar ✔️ Base con apoyos antideslizantes de goma ✔️ Diseño compacto, ideal para el día a día",in stock,new,28600 ARS,https://primeramano.github.io/?p=69aadd9f84289c0004b858fd,https://images.fravega.com/f1000/ae60d823dc71c6efa5671ebe2c478d32.jpg,Primera Mano,Electrodomésticos
69ab27e4d3a4460004da0a0d,Secarropas Portatil,"👕 Secarropas Portátil Plegable ✔️ Capacidad para 8 prendas, ideal para uniformes y ropa de todos los días ✔️ Diseño compacto y liviano, se guarda en cualquier rincón ✔️ Bajo consumo, perfecto para uso diario ✔️ Práctico para depto chico o para viajar",in stock,new,39900 ARS,https://primeramano.github.io/?p=69ab27e4d3a4460004da0a0d,https://baproar.vtexassets.com/arquivos/ids/2373037-800-auto?v=639056351786170000&width=800&height=auto&aspect=true,Primera Mano,Electrodomésticos
69b08b23ca65b900041cecab,Pack X4 Pilas Aaa,Pack X4 Pilas Aaa,in stock,new,700 ARS,https://primeramano.github.io/?p=69b08b23ca65b900041cecab,https://pency-images.nyc3.digitaloceanspaces.com/revoleoficial/1773177616676.jpg,Primera Mano,Herramientas y Baterías
69b08b9ac7dbae0004a84214,Bandeja Plegable 4 en 1,Bandeja Plegable 4 en 1,in stock,new,21400 ARS,https://primeramano.github.io/?p=69b08b9ac7dbae0004a84214,https://pency-images.nyc3.digitaloceanspaces.com/revoleoficial/1773177741910.jpg,Primera Mano,Cocina y Bazar
69b1cac2f4331b000487d6fd,Humificador Tipo Bambu,Humificador Tipo Bambu,in stock,new,7700 ARS,https://primeramano.github.io/?p=69b1cac2f4331b000487d6fd,https://pency-images.nyc3.digitaloceanspaces.com/revoleoficial/1779134798135.jpg,Primera Mano,Belleza y Bienestar
69b1d2a42c9d070004ed1c26,Secaplatos 2 Niveles con Bandeja Blanca,Secaplatos 2 Niveles con Bandeja Blanca,in stock,new,26100 ARS,https://primeramano.github.io/?p=69b1d2a42c9d070004ed1c26,https://pency-images.nyc3.digitaloceanspaces.com/revoleoficial/1773261462682.jpg,Primera Mano,Ofertas
69b2ca70b31cc20004131bca,Pack X4 Pilas Aa,Pack X4 Pilas Aa,in stock,new,800 ARS,https://primeramano.github.io/?p=69b2ca70b31cc20004131bca,https://pency-images.nyc3.digitaloceanspaces.com/revoleoficial/1773324897529.jpg,Primera Mano,Herramientas y Baterías
69b2ff864459de00044cf599,Lámpara Solar LED de Pie Lusqtoff,"☀️ Lámpara Solar LED de Pie Lusqtoff ✔️ Carga 100% solar, hasta 10-12 hs de luz continua ✔️ LED de alto rendimiento, luz cálida y fría a elección ✔️ Control remoto incluido + timer programable y encendido automático ✔️ Ideal para jardines, patios, terrazas y accesos ✔️ Modelo de pie, fácil instalación sin cables",in stock,new,313700 ARS,https://primeramano.github.io/?p=69b2ff864459de00044cf599,https://acdn-us.mitiendanube.com/stores/001/280/630/products/d_nq_np_2x_610950-mla104010816049_012026-f-2b2642d79df1dfc87317774031142736-640-0.webp,Primera Mano,Electrodomésticos
69b302a8940ce600043dffda,Botella Acero con Tapa Plastica 600ML,Botella Acero con Tapa Plastica 600ML,in stock,new,12900 ARS,https://primeramano.github.io/?p=69b302a8940ce600043dffda,https://pency-images.nyc3.digitaloceanspaces.com/revoleoficial/1773339225526.jpg,Primera Mano,Cocina y Bazar
69b30746940ce600043dffe1,Botella de Acero con Rosca Tk,Botella de Acero con Rosca Tk,in stock,new,24800 ARS,https://primeramano.github.io/?p=69b30746940ce600043dffe1,https://pency-images.nyc3.digitaloceanspaces.com/revoleoficial/1773406384244.jpg,Primera Mano,Cocina y Bazar
69b30786f1e6f7000496c29e,Set Fondeau Chocolate,Set Fondeau Chocolate,in stock,new,43200 ARS,https://primeramano.github.io/?p=69b30786f1e6f7000496c29e,https://pency-images.nyc3.digitaloceanspaces.com/revoleoficial/1773340525009.jpg,Primera Mano,Cocina y Bazar
69b30c9cf1e6f7000496c2ba,Set Regaleria Messi Dibu Enzo + Sorpresa,Set Regaleria Messi Dibu Enzo + Sorpresa,in stock,new,10200 ARS,https://primeramano.github.io/?p=69b30c9cf1e6f7000496c2ba,https://pency-images.nyc3.digitaloceanspaces.com/revoleoficial/1773341848488.jpg,Primera Mano,Cocina y Bazar
69b45368fdf2bb0004400581,Escritorio con Estantes Negro Mr25034,Profundidad: 48 cm Altura: 114 cm Ancho: 72 cm Largo: 115 cm Compuesto de madera. 3 estantes. Pesa 14kg.,in stock,new,107600 ARS,https://primeramano.github.io/?p=69b45368fdf2bb0004400581,https://pency-images.nyc3.digitaloceanspaces.com/revoleoficial/1782574224244.jpg,Primera Mano,Hogar y Decoración
69aad8c40169270004c0a7d6,Picadora Lusqtoff 500W,"🔪 Picadora Lusqtoff 500W ✔️ 2 niveles de velocidad para mayor practicidad ✔️ 4 filosas cuchillas de acero inoxidable ✔️ Bowl de vidrio resistente ✔️ Base antideslizante, súper estable ✔️ Ideal para picar carne, verduras y más en segundos",in stock,new,60000 ARS,https://primeramano.github.io/?p=69aad8c40169270004c0a7d6,https://images.fravega.com/f1000/071dc04ea5577814eabb615631d21eae.jpg,Primera Mano,Electrodomésticos
69aad90d0169270004c0a7d7,Picadora Lusqtoff 300W,"🔪 Picadora Lusqtoff 300W ✔️ Potencia justa para un picado rápido y eficiente ✔️ 4 cuchillas de acero inoxidable resistentes y duraderas ✔️ Bowl de vidrio, 2 niveles de velocidad ✔️ Base antideslizante ✔️ Ideal para carnes, semillas, verduras, frutas, quesos duros, frutos secos y papillas",in stock,new,42600 ARS,https://primeramano.github.io/?p=69aad90d0169270004c0a7d7,https://images.fravega.com/f1000/2dbd02cdf0ac78f01fa3f8d238875f21.jpg,Primera Mano,Electrodomésticos
69baeb6ea55f640004b337e4,Estantería Zapatero 4 Niveles,✅DISPONIBLE EN BLANCO Y EN NEGRO  ✅4 NIVELES  ✅UTILIZABLE EN MÁS DE 5 ESPACIOS DIFERENTES  ✅CON RUEDAS ✅RESISTE PESO CON RUEDAS 90KG - PESOS SIN RUEDAS 115KG ✅RESISTENTE AL AGUA ✅NO REQUIERE HERRAMIENTAS PARA ARMADO,in stock,new,25500 ARS,https://primeramano.github.io/?p=69baeb6ea55f640004b337e4,assets/products/69baeb6ea55f640004b337e4-0.jpg?v=1788991461361,Primera Mano,Organización
69bafb30430fa50004d1dc94,Soporte Cepillo y Pasta Autoadhesivo,Soporte Cepillo y Pasta Autoadhesivo,in stock,new,10500 ARS,https://primeramano.github.io/?p=69bafb30430fa50004d1dc94,https://pency-images.nyc3.digitaloceanspaces.com/revoleoficial/1773861645432.jpg,Primera Mano,Baño y Limpieza
69bc51fd91f8f90004018c37,Cocina Electrica Kanji Black,Altura x Ancho x Profundidad 87.5 cm x 50 cm x 48 cm ✅58L ✅4 ANAFES ✅HORNO CON CALENTADOR ELÉCTRICO SUPERIOR E INFERIOR CON TERMOSTATO ✅RESISTENCIA HORNO GRILL SUPERIOR 1.300W ✅RESISTENCIA HORNO GRILL INGERIOR 1.500W ✅MANIJA ALUMINIO ✅TAPA HORNO DOBLE VIDRIO,in stock,new,362700 ARS,https://primeramano.github.io/?p=69bc51fd91f8f90004018c37,https://pency-images.nyc3.digitaloceanspaces.com/revoleoficial/1773949407790.jpg,Primera Mano,Ofertas
69bd6236a406ea0004a091c2,Lavador de Frutas y Verduras,Lavador de Frutas y Verduras,in stock,new,8800 ARS,https://primeramano.github.io/?p=69bd6236a406ea0004a091c2,https://pency-images.nyc3.digitaloceanspaces.com/revoleoficial/1783111251180.jpg,Primera Mano,Cocina y Bazar
69be88dc33e4010004492536,Taza Doble Vidrio 80ML,Taza Doble Vidrio 80ML,in stock,new,2400 ARS,https://primeramano.github.io/?p=69be88dc33e4010004492536,https://pency-images.nyc3.digitaloceanspaces.com/revoleoficial/1774094518988.jpg,Primera Mano,Cocina y Bazar
69c1635ea01e8c000461cb3a,Tacho Oficina 12 Lts,"✅MEDIDA 26,5 x 28",in stock,new,6200 ARS,https://primeramano.github.io/?p=69c1635ea01e8c000461cb3a,https://pency-images.nyc3.digitaloceanspaces.com/revoleoficial/1774281446266.jpg,Primera Mano,Hogar y Decoración
69c166f34282aa0004f707c0,Lámpara LED Escritorio con Ventilador,Lámpara LED Escritorio con Ventilador,in stock,new,33200 ARS,https://primeramano.github.io/?p=69c166f34282aa0004f707c0,https://pency-images.nyc3.digitaloceanspaces.com/revoleoficial/1774282435702.jpg,Primera Mano,Iluminación
69c167ad4282aa0004f707c3,Placa Piso Pvc Estilo Deck 30CM,Placa Piso Pvc Estilo Deck 30CM,in stock,new,4100 ARS,https://primeramano.github.io/?p=69c167ad4282aa0004f707c3,https://pency-images.nyc3.digitaloceanspaces.com/revoleoficial/1774282637444.jpg,Primera Mano,Ofertas
69c571afcad8f7000458b3b8,Pastillero Semanal,Pastillero Semanal,in stock,new,4700 ARS,https://primeramano.github.io/?p=69c571afcad8f7000458b3b8,https://pency-images.nyc3.digitaloceanspaces.com/revoleoficial/1774547334856.jpg,Primera Mano,Belleza y Bienestar
69c57283cad8f7000458b3bc,Comedero Mascotas Come Lento,Comedero Mascotas Come Lento,in stock,new,3800 ARS,https://primeramano.github.io/?p=69c57283cad8f7000458b3bc,https://pency-images.nyc3.digitaloceanspaces.com/revoleoficial/1774547570013.jpg,Primera Mano,Mascotas
69c57433cad8f7000458b3c0,Bola de Luz LED Giratoria,Bola de Luz LED Giratoria,in stock,new,9500 ARS,https://primeramano.github.io/?p=69c57433cad8f7000458b3c0,https://pency-images.nyc3.digitaloceanspaces.com/revoleoficial/1774547842512.jpg,Primera Mano,Ofertas
69c574aacad8f7000458b3c6,Portabebes,Portabebes,in stock,new,5700 ARS,https://primeramano.github.io/?p=69c574aacad8f7000458b3c6,https://pency-images.nyc3.digitaloceanspaces.com/revoleoficial/1774548125395.jpg,Primera Mano,Ofertas
69c69b793ebe8e00048102b7,Sopladora + Aspiradora Lusqtoff,Sopladora + Aspiradora Lusqtoff,in stock,new,112200 ARS,https://primeramano.github.io/?p=69c69b793ebe8e00048102b7,https://pency-images.nyc3.digitaloceanspaces.com/revoleoficial/1774623593443.jpg,Primera Mano,Ofertas
69cad301f8bda600040b4df0,Pack X40 Paños Absorbentes para Mascotas,Pack X40 Paños Absorbentes para Mascotas,in stock,new,11100 ARS,https://primeramano.github.io/?p=69cad301f8bda600040b4df0,https://pency-images.nyc3.digitaloceanspaces.com/revoleoficial/1774899957502.jpg,Primera Mano,Mascotas
69cad425461f5e0004211670,Tira LED RGB 10 Metros,Tira LED RGB 10 Metros,in stock,new,14100 ARS,https://primeramano.github.io/?p=69cad425461f5e0004211670,https://pency-images.nyc3.digitaloceanspaces.com/revoleoficial/1774900249126.jpg,Primera Mano,Iluminación
69cbe8006b01bd0004d239a4,Manopla de Silicona,Manopla de Silicona,in stock,new,1800 ARS,https://primeramano.github.io/?p=69cbe8006b01bd0004d239a4,https://pency-images.nyc3.digitaloceanspaces.com/revoleoficial/1774970868312.jpg,Primera Mano,Cocina y Bazar
69cd894ea6f7cd0004e243bb,Metegol Plegable 95CM,Metegol Plegable 95CM,in stock,new,195200 ARS,https://primeramano.github.io/?p=69cd894ea6f7cd0004e243bb,https://pency-images.nyc3.digitaloceanspaces.com/revoleoficial/1775077693718.jpg,Primera Mano,Infantil y Juguetería
69d3a99a08af74000406c24e,Masajeador de Pies,Masajeador de Pies,in stock,new,51100 ARS,https://primeramano.github.io/?p=69d3a99a08af74000406c24e,https://pency-images.nyc3.digitaloceanspaces.com/revoleoficial/1788040029048.jpg,Primera Mano,Belleza y Bienestar
69d4feff49a1950004ec3307,Plancha a Vapor Oryx,"🔥 Plancha a Vapor Oryx ✔️ Suela de cerámica antiadherente, desliza sin engancharse ✔️ Golpe de vapor para arrugas difíciles ✔️ Control de temperatura ajustable ✔️ Uso doméstico, ideal para el día a día ✔️ Terminación prolija y pareja en cada prenda",in stock,new,43900 ARS,https://primeramano.github.io/?p=69d4feff49a1950004ec3307,https://oryx.com.ar/wp-content/uploads/2025/06/WhatsApp-Image-2025-06-10-at-8.38.53-PM.jpeg,Primera Mano,Electrodomésticos
69d4ff6149a1950004ec3309,Manguera Extensible 15MTS,Manguera Extensible 15MTS,in stock,new,11800 ARS,https://primeramano.github.io/?p=69d4ff6149a1950004ec3309,https://pency-images.nyc3.digitaloceanspaces.com/revoleoficial/1775566674403.jpg,Primera Mano,Aire Libre y Jardín
69d65da2e18b5700041ffec8,Reflector Solar Extencible Giro 360,Reflector Solar Extencible Giro 360,in stock,new,39200 ARS,https://primeramano.github.io/?p=69d65da2e18b5700041ffec8,https://pency-images.nyc3.digitaloceanspaces.com/revoleoficial/1775656349336.jpg,Primera Mano,Iluminación
69d7bda0cc2ee40004c21ed2,Vaso Altos con Sorbete 600ML,Vaso Altos con Sorbete 600ML,in stock,new,8700 ARS,https://primeramano.github.io/?p=69d7bda0cc2ee40004c21ed2,https://pency-images.nyc3.digitaloceanspaces.com/revoleoficial/1775746459485.jpg,Primera Mano,Cocina y Bazar
69d7d8121b54ea0004dca17c,Set X3 Botellas,Disponibles en 4 colores -Frases al azar,in stock,new,11700 ARS,https://primeramano.github.io/?p=69d7d8121b54ea0004dca17c,https://pency-images.nyc3.digitaloceanspaces.com/revoleoficial/1771334917359.jpg,Primera Mano,Cocina y Bazar
69d92335dc915d00042d9e94,Espejo LED Visera,- Medidas aprox: 58*46*12 - 13 focos integrado  - Encendido touch  - 3 niveles de intensidades,in stock,new,16100 ARS,https://primeramano.github.io/?p=69d92335dc915d00042d9e94,https://pency-images.nyc3.digitaloceanspaces.com/revoleoficial/1773687666950.jpg,Primera Mano,Iluminación
69d962efd048570004b7e794,Set Destornillador 31 Piezas en 1,Set Destornillador 31 Piezas en 1,in stock,new,2700 ARS,https://primeramano.github.io/?p=69d962efd048570004b7e794,https://pency-images.nyc3.digitaloceanspaces.com/revoleoficial/1786565416346.jpg,Primera Mano,Herramientas y Baterías
69dd4a9b6d989f00046301bc,Bebedero para Mascotas Portatil,Bebedero para Mascotas Portatil,in stock,new,10000 ARS,https://primeramano.github.io/?p=69dd4a9b6d989f00046301bc,https://pency-images.nyc3.digitaloceanspaces.com/revoleoficial/1776110196865.jpg,Primera Mano,Mascotas
69de9e39316e93000463ffc5,Asiento para Auto Hasta 8 Años,Asiento para Auto Hasta 8 Años,in stock,new,27300 ARS,https://primeramano.github.io/?p=69de9e39316e93000463ffc5,https://pency-images.nyc3.digitaloceanspaces.com/revoleoficial/1776197153395.jpg,Primera Mano,Ofertas
69de9e879173bd0004d14b9f,Asiento para Niño,Asiento para Niño,in stock,new,26500 ARS,https://primeramano.github.io/?p=69de9e879173bd0004d14b9f,https://pency-images.nyc3.digitaloceanspaces.com/revoleoficial/1776197246853.jpg,Primera Mano,Ofertas
69dea01f316e93000463ffcd,Bolsa 50 Precintos 20CM Cod 0051 X5u,Bolsa 50 Precintos 20CM Cod 0051 X5u,in stock,new,10700 ARS,https://primeramano.github.io/?p=69dea01f316e93000463ffcd,https://pency-images.nyc3.digitaloceanspaces.com/revoleoficial/1776197607269.jpg,Primera Mano,Herramientas y Baterías
69dea1159173bd0004d14ba1,Triángulo Reflectivo,Triángulo Reflectivo,in stock,new,5300 ARS,https://primeramano.github.io/?p=69dea1159173bd0004d14ba1,https://pency-images.nyc3.digitaloceanspaces.com/revoleoficial/1776197896261.jpg,Primera Mano,Herramientas y Baterías
69e22dbf5138f000049101db,Arrocera Vaporera Lüsqtoff,"🍚 Arrocera y Vaporera 1.8L 700W ✔️ Cocina arroz perfecto sin pegotes ni quemados ✔️ Asas frías al tacto, tapa de vidrio transparente para controlar la cocción ✔️ Incluye recetario y kit para preparar sushi ✔️ Capacidad 1.8 litros, ideal para toda la familia ✔️ Practicidad total: apretás un botón y listo",in stock,new,66000 ARS,https://primeramano.github.io/?p=69e22dbf5138f000049101db,https://images.fravega.com/f1000/ea7513a6a5012fd5a200a65d7c325bf4.jpg,Primera Mano,Electrodomésticos
69e26e361d6cff0004a1eb7c,Cable Hdmi Mallado 5MTS,Cable Hdmi Mallado 5MTS,in stock,new,4900 ARS,https://primeramano.github.io/?p=69e26e361d6cff0004a1eb7c,https://pency-images.nyc3.digitaloceanspaces.com/revoleoficial/1776447024225.jpg,Primera Mano,Tecnología y Audio
69e62678f5759600045d2478,Organizador Multiuso con Ruedas 5 Niveles Redondo,"✅MEDIDAS APROX 90cm x 31cm  ✅BASE PERFORADA PARA VENTILACIÓN  ✅USO PARA GUARDAR FRUTOS, VERDURAS, ÚTILES ESCOLARES, ARTÍCULOS DE LIMPIEZA, COSMÉTICOS Y MUCHO MÁS ✅ESTRUCTURA LIVIANA PERO FIRME ✅CON RUEDITAS ✅ÚNICO COLOR NEGRO",in stock,new,55900 ARS,https://primeramano.github.io/?p=69e62678f5759600045d2478,https://pency-images.nyc3.digitaloceanspaces.com/revoleoficial/1776690779296.jpg,Primera Mano,Organización
69e63b67d34fb00004ef3189,Secaplatos en Altura con Cajón 1 Nivel,77 de alto 28 de ancho 85 de largo,in stock,new,51900 ARS,https://primeramano.github.io/?p=69e63b67d34fb00004ef3189,https://pency-images.nyc3.digitaloceanspaces.com/revoleoficial/1776696142495.jpg,Primera Mano,Cocina y Bazar
69e6814d758cea0004f4e8f0,Bordeadora Inalámbrica,Bordeadora Inalámbrica,in stock,new,70600 ARS,https://primeramano.github.io/?p=69e6814d758cea0004f4e8f0,https://pency-images.nyc3.digitaloceanspaces.com/revoleoficial/1776714030362.jpg,Primera Mano,Herramientas y Baterías
69e772c10a7af6000466485b,Botella Rociadora de Aceite 200ML,Botella Rociadora de Aceite 200ML,in stock,new,3900 ARS,https://primeramano.github.io/?p=69e772c10a7af6000466485b,https://pency-images.nyc3.digitaloceanspaces.com/revoleoficial/1782997423225.jpg,Primera Mano,Cocina y Bazar
69e7782a99ccbd0004dfb77f,Secaplatos en Altura,Secaplatos en Altura,in stock,new,37900 ARS,https://primeramano.github.io/?p=69e7782a99ccbd0004dfb77f,https://pency-images.nyc3.digitaloceanspaces.com/revoleoficial/1776777237374.jpg,Primera Mano,Cocina y Bazar
69e77ee016ea690004d8b31d,Hand Massage,Hand Massage,in stock,new,48400 ARS,https://primeramano.github.io/?p=69e77ee016ea690004d8b31d,https://pency-images.nyc3.digitaloceanspaces.com/revoleoficial/1776778964884.jpg,Primera Mano,Belleza y Bienestar
69e8c2afc9ac0a000473de54,Soplete Flameador,Soplete Flameador,in stock,new,5400 ARS,https://primeramano.github.io/?p=69e8c2afc9ac0a000473de54,https://pency-images.nyc3.digitaloceanspaces.com/revoleoficial/1776861841315.jpg,Primera Mano,Cocina y Bazar
69e8c39355d62a0004f02ad7,Luz Bicicleta Portátil,Luz Bicicleta Portátil,in stock,new,6200 ARS,https://primeramano.github.io/?p=69e8c39355d62a0004f02ad7,https://pency-images.nyc3.digitaloceanspaces.com/revoleoficial/1776862093636.jpg,Primera Mano,Herramientas y Baterías
69e8c3ed805b1500043bb570,Campera Termica Hombre,•Bordo: M  •Azul: M •Celeste: M,in stock,new,33200 ARS,https://primeramano.github.io/?p=69e8c3ed805b1500043bb570,https://pency-images.nyc3.digitaloceanspaces.com/revoleoficial/1784125045779.jpg,Primera Mano,Moda y Valijas
69e8c493c9ac0a000473de5b,Organizador Bajo Cama Mediano,65cmx45cmx15cm,in stock,new,6100 ARS,https://primeramano.github.io/?p=69e8c493c9ac0a000473de5b,https://pency-images.nyc3.digitaloceanspaces.com/revoleoficial/1776862325168.jpg,Primera Mano,Organización
69ea3a6c27af7200045d3432,Mini Licuadora Portátil,Mini Licuadora Portátil,in stock,new,12300 ARS,https://primeramano.github.io/?p=69ea3a6c27af7200045d3432,https://pency-images.nyc3.digitaloceanspaces.com/revoleoficial/1785439181971.jpg,Primera Mano,Cocina y Bazar
69eb6b976cd8cd000416bff7,Huevera Organizadora 32U Dos Pisos,Huevera Organizadora 32U Dos Pisos,in stock,new,22200 ARS,https://primeramano.github.io/?p=69eb6b976cd8cd000416bff7,https://pency-images.nyc3.digitaloceanspaces.com/revoleoficial/1783968652718.jpg,Primera Mano,Cocina y Bazar
69eb6be5a29925000556c84e,Minicaja Fuerte para Llaves,Minicaja Fuerte para Llaves,in stock,new,7800 ARS,https://primeramano.github.io/?p=69eb6be5a29925000556c84e,https://pency-images.nyc3.digitaloceanspaces.com/revoleoficial/1777036232651.jpg,Primera Mano,Herramientas y Baterías
69eb6fd0244dc000043f6569,Gallina Hervidora de Huevos,Gallina Hervidora de Huevos,in stock,new,19200 ARS,https://primeramano.github.io/?p=69eb6fd0244dc000043f6569,https://pency-images.nyc3.digitaloceanspaces.com/revoleoficial/1777037237964.jpg,Primera Mano,Cocina y Bazar
69f204bcdd4712000429d7ca,Set Manicuria 7 Piezas,Set Manicuria 7 Piezas,in stock,new,5800 ARS,https://primeramano.github.io/?p=69f204bcdd4712000429d7ca,https://pency-images.nyc3.digitaloceanspaces.com/revoleoficial/1777468592073.jpg,Primera Mano,Ofertas
69f22e628b89b00004c10b0e,Control Universal Inalámbrico,Control Universal Inalámbrico,in stock,new,17200 ARS,https://primeramano.github.io/?p=69f22e628b89b00004c10b0e,https://pency-images.nyc3.digitaloceanspaces.com/revoleoficial/1777479254868.jpg,Primera Mano,Tecnología y Audio
69f22ead8b89b00004c10b0f,Mini Impresora Tickeadora Inalámbrica,Mini Impresora Tickeadora Inalámbrica,in stock,new,31700 ARS,https://primeramano.github.io/?p=69f22ead8b89b00004c10b0f,https://pency-images.nyc3.digitaloceanspaces.com/revoleoficial/1777479333186.jpg,Primera Mano,Ofertas
69f235004d0bea0004628fb3,Drone Espada,Drone Espada,in stock,new,27300 ARS,https://primeramano.github.io/?p=69f235004d0bea0004628fb3,https://pency-images.nyc3.digitaloceanspaces.com/revoleoficial/1777480901304.jpg,Primera Mano,Tecnología y Audio
69f251e80855d40004b6b450,Grill Parrilla 2 en 1,"🔥 Grill Parrilla 2 en 1 eléctrica de mesa ✅ Doble función: plancha antiadherente + parrilla acanalada, ideal para carnes, verduras y sanguches 🌡️ Control de temperatura ajustable 🧼 Superficie antiadherente, fácil de limpiar 🏠 Ideal para departamentos y espacios chicos, sin humo",in stock,new,83800 ARS,https://primeramano.github.io/?p=69f251e80855d40004b6b450,https://images.fravega.com/f1000/0e0924bfc48535325bed0d78f249dea5.jpg,Primera Mano,Electrodomésticos
69f35683bbaa640004d04769,Esfera Bola Silicona Lavarropas,✅PACK x12  ✅EVITA EFICAZMENTE QUE LA ROPA SE TUERZA O ENREDE ✅SU PROPIA FRICCIÓN PARA AUMENTAR EL IMPACTO HACE QUE LA ROPA SALGA MÁS LIMPIA,in stock,new,1800 ARS,https://primeramano.github.io/?p=69f35683bbaa640004d04769,https://pency-images.nyc3.digitaloceanspaces.com/revoleoficial/1777555060742.jpg,Primera Mano,Baño y Limpieza
69f35c208c87ec000409de24,Plantillas Elevadoras Universales de 3CM a 8CM,Plantillas Elevadoras Universales de 3CM a 8CM,in stock,new,7200 ARS,https://primeramano.github.io/?p=69f35c208c87ec000409de24,https://pency-images.nyc3.digitaloceanspaces.com/revoleoficial/1777556475197.jpg,Primera Mano,Ofertas
69f5f9e50763e700049b09f0,Selladora de Bolsas 30CM,Selladora de Bolsas 30CM,in stock,new,34800 ARS,https://primeramano.github.io/?p=69f5f9e50763e700049b09f0,https://pency-images.nyc3.digitaloceanspaces.com/revoleoficial/1782507806178.jpg,Primera Mano,Cocina y Bazar
69f5fa3f77b2ae00043def81,Inflador de Globos,Inflador de Globos,in stock,new,21400 ARS,https://primeramano.github.io/?p=69f5fa3f77b2ae00043def81,https://pency-images.nyc3.digitaloceanspaces.com/revoleoficial/1777728003804.jpg,Primera Mano,Comercial
69f8a2e55058550004bb7dc9,Set Valijas Trolley 20 24 28 Negro,Set Valijas Trolley 20 24 28 Negro,in stock,new,161900 ARS,https://primeramano.github.io/?p=69f8a2e55058550004bb7dc9,https://pency-images.nyc3.digitaloceanspaces.com/revoleoficial/1777902293065.jpg,Primera Mano,Moda y Valijas
69f8a4c858b823000411086c,Pack X5 Percha Madera Cod Mb0040,Pack X5 Percha Madera Cod Mb0040,in stock,new,6600 ARS,https://primeramano.github.io/?p=69f8a4c858b823000411086c,https://pency-images.nyc3.digitaloceanspaces.com/revoleoficial/1777902775861.jpg,Primera Mano,Hogar y Decoración
69f8ba1d8a77840004aa729a,Candado para Bici con Combinación,Candado para Bici con Combinación,in stock,new,4600 ARS,https://primeramano.github.io/?p=69f8ba1d8a77840004aa729a,https://pency-images.nyc3.digitaloceanspaces.com/revoleoficial/1777908210636.jpg,Primera Mano,Herramientas y Baterías
69fa055480be2b000404b8d8,Calzas Batik Importadas,S AL XL MODELOS SURTIDOS   LA MEJOR CALIDAD,in stock,new,17400 ARS,https://primeramano.github.io/?p=69fa055480be2b000404b8d8,https://pency-images.nyc3.digitaloceanspaces.com/revoleoficial/1777992990521.jpg,Primera Mano,Moda y Valijas
69fa5c31ee630c0004181486,Alfombra Baño Infantil,Alfombra Baño Infantil,in stock,new,7000 ARS,https://primeramano.github.io/?p=69fa5c31ee630c0004181486,https://pency-images.nyc3.digitaloceanspaces.com/revoleoficial/1778015234233.jpg,Primera Mano,Infantil y Juguetería
69fb58df5ce4970004b2fd25,Protector de Mesa Silicona 71X50X3CM,Protector de Mesa Silicona 71X50X3CM,in stock,new,12100 ARS,https://primeramano.github.io/?p=69fb58df5ce4970004b2fd25,https://pency-images.nyc3.digitaloceanspaces.com/revoleoficial/1778079961967.jpg,Primera Mano,Cocina y Bazar
69fb593d5ce4970004b2fd2a,Espejo LED Arqueado - 9 Focos - Medidas 50X42X10,Espejo LED Arqueado - 9 Focos - Medidas 50X42X10,in stock,new,101600 ARS,https://primeramano.github.io/?p=69fb593d5ce4970004b2fd2a,https://pency-images.nyc3.digitaloceanspaces.com/revoleoficial/1778080051425.jpg,Primera Mano,Hogar y Decoración
69fb59a75ce4970004b2fd2f,Foco LED Bolichero,Foco LED Bolichero,in stock,new,5300 ARS,https://primeramano.github.io/?p=69fb59a75ce4970004b2fd2f,https://pency-images.nyc3.digitaloceanspaces.com/revoleoficial/1778080133328.jpg,Primera Mano,Iluminación
69fb5bfd30829e0004c9254b,Botellas Gym 750ML,Botellas Gym 750ML,in stock,new,26600 ARS,https://primeramano.github.io/?p=69fb5bfd30829e0004c9254b,https://pency-images.nyc3.digitaloceanspaces.com/revoleoficial/1778080717229.jpg,Primera Mano,Cocina y Bazar
69fb5c8f30829e0004c92551,Botellas Gym 1.000ML,Botellas Gym 1.000ML,in stock,new,29300 ARS,https://primeramano.github.io/?p=69fb5c8f30829e0004c92551,https://pency-images.nyc3.digitaloceanspaces.com/revoleoficial/1778080895898.jpg,Primera Mano,Cocina y Bazar
69fcf343c314b500042972d4,Sillas Ergonómicas Elegantes,DISPONIBLE EN 4 COLORES CON APOYA BRAZOS Y BASE DE ACERO INOXIDABLE,in stock,new,130700 ARS,https://primeramano.github.io/?p=69fcf343c314b500042972d4,https://pency-images.nyc3.digitaloceanspaces.com/revoleoficial/1778184976599.jpg,Primera Mano,Hogar y Decoración
69fcf6c9afa07d000486eae0,Sillas Ergonómicas Elegantes X5,DISPONIBLE EN 4 COLORES CON APOYA BRAZOS Y BASE DE ACERO INOXIDABLE,in stock,new,611000 ARS,https://primeramano.github.io/?p=69fcf6c9afa07d000486eae0,https://pency-images.nyc3.digitaloceanspaces.com/revoleoficial/1778184976599.jpg,Primera Mano,Hogar y Decoración
6a032baa8b5da00004b0db73,Minimotosierra Eléctrica,Minimotosierra Eléctrica,in stock,new,53200 ARS,https://primeramano.github.io/?p=6a032baa8b5da00004b0db73,https://pency-images.nyc3.digitaloceanspaces.com/revoleoficial/1778592672217.jpg,Primera Mano,Herramientas y Baterías
6a032c388b5da00004b0db78,Balanza de Baño con BT,Balanza de Baño con BT,in stock,new,14200 ARS,https://primeramano.github.io/?p=6a032c388b5da00004b0db78,https://pency-images.nyc3.digitaloceanspaces.com/revoleoficial/1778592780306.jpg,Primera Mano,Belleza y Bienestar
6a04d829a999530004f2dff4,Salero Mínimo de Compra 5 Unidades (pack por 5),Salero Mínimo de Compra 5 Unidades (pack por 5),in stock,new,3800 ARS,https://primeramano.github.io/?p=6a04d829a999530004f2dff4,https://pency-images.nyc3.digitaloceanspaces.com/revoleoficial/1778702371865.jpg,Primera Mano,Cocina y Bazar
6a0dc0450c2d880004469745,"Mesa de Luz con Parlante, Usb, Magsafe, Luz","Mesa de Luz con Parlante, Usb, Magsafe, Luz",in stock,new,241200 ARS,https://primeramano.github.io/?p=6a0dc0450c2d880004469745,https://pency-images.nyc3.digitaloceanspaces.com/revoleoficial/1779286030624.jpg,Primera Mano,Hogar y Decoración
6a0dc120b6bc0f0004224209,Perro Robot con Control Remoto,Perro Robot con Control Remoto,in stock,new,45200 ARS,https://primeramano.github.io/?p=6a0dc120b6bc0f0004224209,https://pency-images.nyc3.digitaloceanspaces.com/revoleoficial/1784924411113.jpg,Primera Mano,Infantil y Juguetería
6a0dcd8f7c8c040004bf12b2,Auto Acrobático con Pulsera de Control y Control Remoto,Auto Acrobático con Pulsera de Control y Control Remoto,in stock,new,53900 ARS,https://primeramano.github.io/?p=6a0dcd8f7c8c040004bf12b2,https://pency-images.nyc3.digitaloceanspaces.com/revoleoficial/1779289456305.jpg,Primera Mano,Ofertas
6a0dde6c4a783f00042d8175,Jaula Transportadora de Mascotas Perros y Gatos,Jaula Transportadora de Mascotas Perros y Gatos,in stock,new,34000 ARS,https://primeramano.github.io/?p=6a0dde6c4a783f00042d8175,https://pency-images.nyc3.digitaloceanspaces.com/revoleoficial/1779293734622.jpg,Primera Mano,Ofertas
6a0dfed92dcbf60004329de7,Nuevo Abridor de Huevos,Nuevo Abridor de Huevos,in stock,new,1500 ARS,https://primeramano.github.io/?p=6a0dfed92dcbf60004329de7,https://pency-images.nyc3.digitaloceanspaces.com/revoleoficial/1779302093331.jpg,Primera Mano,Cocina y Bazar
6a0f08b3304fab00043deb0e,Vaso Tk Acero 1.2 Lts,Vaso Tk Acero 1.2 Lts,in stock,new,24100 ARS,https://primeramano.github.io/?p=6a0f08b3304fab00043deb0e,https://pency-images.nyc3.digitaloceanspaces.com/revoleoficial/1779370118417.jpg,Primera Mano,Cocina y Bazar
6a0f118aea5435000455b744,Copa Champagne X6 Tornasolada Rj304c/bhz6,Copa Champagne X6 Tornasolada Rj304c/bhz6,in stock,new,31300 ARS,https://primeramano.github.io/?p=6a0f118aea5435000455b744,https://pency-images.nyc3.digitaloceanspaces.com/revoleoficial/1779372412618.jpg,Primera Mano,Cocina y Bazar
6a105fba68223b00043a1610,Portalapiceras,"🖍️ Portalapiceras organizador de escritorio ✅ Varios compartimentos para lápices, biromes, tijeras y útiles 🎒 Ideal para mantener ordenado el escritorio de los más chicos 🪵 Estructura resistente 📏 Compacto, no ocupa espacio en el escritorio",in stock,new,11900 ARS,https://primeramano.github.io/?p=6a105fba68223b00043a1610,https://images.fravega.com/f1000/f956aa019d1e9bd40ff3552839fed4b0.jpg,Primera Mano,Infantil y Juguetería
6a1064261c0524000475e837,Vidrio Templado Anti Espia Pack X10,se aclara modelos en whatsapp!  DISPONIBLES  - 13/13Pro/14 - 13Pro Max/14 Plus  - 14Pro Max - 15/16 - 15Plus/16 Plus  - 16 Pro Max - 17Air - 17Pro - 17Pro Max,in stock,new,46600 ARS,https://primeramano.github.io/?p=6a1064261c0524000475e837,https://pency-images.nyc3.digitaloceanspaces.com/revoleoficial/1779458959118.jpg,Primera Mano,Ofertas
6a173f821c31320004145168,"Cama para Mascotas en Altura 1,25CM x 68CM x 20CM","Cama para Mascotas en Altura 1,25CM x 68CM x 20CM",in stock,new,40200 ARS,https://primeramano.github.io/?p=6a173f821c31320004145168,https://pency-images.nyc3.digitaloceanspaces.com/revoleoficial/1787244881688.jpg,Primera Mano,Mascotas
6a17514187fd3100042ec0b1,Corrector de Postura Dl2366 Gris Unisex,Corrector de Postura Dl2366 Gris Unisex,in stock,new,4500 ARS,https://primeramano.github.io/?p=6a17514187fd3100042ec0b1,https://pency-images.nyc3.digitaloceanspaces.com/revoleoficial/1779913016426.jpg,Primera Mano,Belleza y Bienestar
6a1751f36f37a60004a7df9d,Guante Extra Grande Sacapelusa,Guante Extra Grande Sacapelusa,in stock,new,3900 ARS,https://primeramano.github.io/?p=6a1751f36f37a60004a7df9d,https://pency-images.nyc3.digitaloceanspaces.com/revoleoficial/1779913176828.jpg,Primera Mano,Mascotas
6a17565b0f983d00048664ed,Canasto Ropa Mediano 50CM,Canasto Ropa Mediano 50CM,in stock,new,12700 ARS,https://primeramano.github.io/?p=6a17565b0f983d00048664ed,https://pency-images.nyc3.digitaloceanspaces.com/revoleoficial/1781019930062.jpg,Primera Mano,Baño y Limpieza
6a183b5f5e159c00041500f0,Protector de Seguridad Ventana/puerta/cajones con Cable de Acero y Llave,Protector de Seguridad Ventana/puerta/cajones con Cable de Acero y Llave,in stock,new,8700 ARS,https://primeramano.github.io/?p=6a183b5f5e159c00041500f0,https://pency-images.nyc3.digitaloceanspaces.com/revoleoficial/1779972937189.jpg,Primera Mano,Herramientas y Baterías
6a183d0190f526000439aa8b,Organizador de Zapatillas Plegable Transparente 6 Niveles,Organizador de Zapatillas Plegable Transparente 6 Niveles,in stock,new,68600 ARS,https://primeramano.github.io/?p=6a183d0190f526000439aa8b,https://pency-images.nyc3.digitaloceanspaces.com/revoleoficial/1785957439228.jpg,Primera Mano,Organización
6a19964cb16b7f00047563c8,Esponjas Lavarropa Atrapa Pelusa Pack 4 U,Esponjas Lavarropa Atrapa Pelusa Pack 4 U,in stock,new,1600 ARS,https://primeramano.github.io/?p=6a19964cb16b7f00047563c8,https://pency-images.nyc3.digitaloceanspaces.com/revoleoficial/1780061766288.jpg,Primera Mano,Baño y Limpieza
6a1999e4790f27000445040c,Soporte Flexible Cuello Cisne Negro/blanco 100CM,Soporte Flexible Cuello Cisne Negro/blanco 100CM,in stock,new,7200 ARS,https://primeramano.github.io/?p=6a1999e4790f27000445040c,https://pency-images.nyc3.digitaloceanspaces.com/revoleoficial/1780062688495.jpg,Primera Mano,Tecnología y Audio
6a19b26392e8bf00040a5ecf,Vaso Afa Eco XL Sorbete 750 Ml,Vaso Afa Eco XL Sorbete 750 Ml,in stock,new,3100 ARS,https://primeramano.github.io/?p=6a19b26392e8bf00040a5ecf,https://pency-images.nyc3.digitaloceanspaces.com/revoleoficial/1780068959446.jpg,Primera Mano,Cocina y Bazar
6a19b30c3d1ecd0004b0e41b,Botella Aluminio Afa Playes Oficial Coleccionables,Botella Aluminio Afa Playes Oficial Coleccionables,in stock,new,5700 ARS,https://primeramano.github.io/?p=6a19b30c3d1ecd0004b0e41b,https://pency-images.nyc3.digitaloceanspaces.com/revoleoficial/1780069129003.jpg,Primera Mano,Cocina y Bazar
6a19b3a73d1ecd0004b0e41d,Vaso Eco XL Afa Oficial 750ML,Vaso Eco XL Afa Oficial 750ML,in stock,new,3100 ARS,https://primeramano.github.io/?p=6a19b3a73d1ecd0004b0e41d,https://pency-images.nyc3.digitaloceanspaces.com/revoleoficial/1780069283546.jpg,Primera Mano,Cocina y Bazar
6a19b3ce9705290004b2c5ab,Botella Dakar Serigrafia 750ML,Botella Dakar Serigrafia 750ML,in stock,new,3900 ARS,https://primeramano.github.io/?p=6a19b3ce9705290004b2c5ab,https://pency-images.nyc3.digitaloceanspaces.com/revoleoficial/1780069323189.jpg,Primera Mano,Cocina y Bazar
6a1dd2be7f77110004e8bc10,Manta Autorelieve Ultra Suave - Modelo 2128A-23C,Manta Autorelieve Ultra Suave - Modelo 2128A-23C,in stock,new,20800 ARS,https://primeramano.github.io/?p=6a1dd2be7f77110004e8bc10,https://pency-images.nyc3.digitaloceanspaces.com/revoleoficial/1780339276898.jpg,Primera Mano,Hogar y Decoración
6a1f39370efd930004bce1a7,Lentes Inteligentes G1 con Ia Integrada,"13,7 interior 14,9 exterior",in stock,new,141500 ARS,https://primeramano.github.io/?p=6a1f39370efd930004bce1a7,https://pency-images.nyc3.digitaloceanspaces.com/revoleoficial/1780431141506.jpg,Primera Mano,Tecnología y Audio
6a204ac8adb8e600045d5857,Set X3 Frascos de Vidrio Redondo 300ML Cod Th-66,Set X3 Frascos de Vidrio Redondo 300ML Cod Th-66,in stock,new,15700 ARS,https://primeramano.github.io/?p=6a204ac8adb8e600045d5857,https://pency-images.nyc3.digitaloceanspaces.com/revoleoficial/1780501187152.jpg,Primera Mano,Cocina y Bazar
6a204aff821b0a00043b740d,Set X3 Frascos de Vidrio Cuadrado 350ML Cod Th-67,Set X3 Frascos de Vidrio Cuadrado 350ML Cod Th-67,in stock,new,16900 ARS,https://primeramano.github.io/?p=6a204aff821b0a00043b740d,https://pency-images.nyc3.digitaloceanspaces.com/revoleoficial/1780501240448.jpg,Primera Mano,Cocina y Bazar
6a204b51ea38d20004334219,Pelador Eléctrico USB,Pelador Eléctrico USB,in stock,new,30200 ARS,https://primeramano.github.io/?p=6a204b51ea38d20004334219,https://pency-images.nyc3.digitaloceanspaces.com/revoleoficial/1780501324593.jpg,Primera Mano,Cocina y Bazar
6a204c3b41b53f0004d1b2eb,Mandolina 22PCS Cod Th-87,Mandolina 22PCS Cod Th-87,in stock,new,24100 ARS,https://primeramano.github.io/?p=6a204c3b41b53f0004d1b2eb,https://pency-images.nyc3.digitaloceanspaces.com/revoleoficial/1780501556069.jpg,Primera Mano,Cocina y Bazar
6a204c77821b0a00043b7412,Huevera 10 Unidades Cod Th-123,Huevera 10 Unidades Cod Th-123,in stock,new,5300 ARS,https://primeramano.github.io/?p=6a204c77821b0a00043b7412,https://pency-images.nyc3.digitaloceanspaces.com/revoleoficial/1780501616425.jpg,Primera Mano,Cocina y Bazar
6a204cba20ee0c000457d668,Huevera 12 Unidades Cod Th-124,Huevera 12 Unidades Cod Th-124,in stock,new,5500 ARS,https://primeramano.github.io/?p=6a204cba20ee0c000457d668,https://pency-images.nyc3.digitaloceanspaces.com/revoleoficial/1780501675606.jpg,Primera Mano,Cocina y Bazar
6a204d7a41b53f0004d1b2ec,Set de Baño Colores Surtidos Cod Th-121,Set de Baño Colores Surtidos Cod Th-121,in stock,new,50100 ARS,https://primeramano.github.io/?p=6a204d7a41b53f0004d1b2ec,https://pency-images.nyc3.digitaloceanspaces.com/revoleoficial/1780501860838.jpg,Primera Mano,Baño y Limpieza
6a217a756e502f0004493bc6,Campera Térmica Negra/verde S al 3XL (como XS a Xxl),Campera Térmica Negra/verde S al 3XL (como XS a Xxl),in stock,new,26100 ARS,https://primeramano.github.io/?p=6a217a756e502f0004493bc6,https://pency-images.nyc3.digitaloceanspaces.com/revoleoficial/1780578914190.jpg,Primera Mano,Moda y Valijas
6a21ab10f992c10004b15aa0,Botella Flexo 750ML Afa Oficial,Botella Flexo 750ML Afa Oficial,in stock,new,4600 ARS,https://primeramano.github.io/?p=6a21ab10f992c10004b15aa0,https://pency-images.nyc3.digitaloceanspaces.com/revoleoficial/1780591354945.jpg,Primera Mano,Cocina y Bazar
6a21ab8c49330d0004aa756a,Botella Mini Flexo Afa Deportiva 400ML,Botella Mini Flexo Afa Deportiva 400ML,in stock,new,4500 ARS,https://primeramano.github.io/?p=6a21ab8c49330d0004aa756a,https://pency-images.nyc3.digitaloceanspaces.com/revoleoficial/1780591489411.jpg,Primera Mano,Cocina y Bazar
6a21d76887f5c90004884de0,Plumero de Microfibra Cod Zsc724,Plumero de Microfibra Cod Zsc724,in stock,new,6200 ARS,https://primeramano.github.io/?p=6a21d76887f5c90004884de0,https://pency-images.nyc3.digitaloceanspaces.com/revoleoficial/1780602719194.jpg,Primera Mano,Baño y Limpieza
6a21d916a4ddaf0004e67441,Correa Retráctil para Mascotas Cod Ms7112b,Correa Retráctil para Mascotas Cod Ms7112b,in stock,new,8800 ARS,https://primeramano.github.io/?p=6a21d916a4ddaf0004e67441,https://pency-images.nyc3.digitaloceanspaces.com/revoleoficial/1780603144635.jpg,Primera Mano,Mascotas
6a21d98773e2ab00045aae58,Par de Guantes Negros Lisos Invierno - Cod Gbym10 21CM x 11CM,Par de Guantes Negros Lisos Invierno - Cod Gbym10 21CM x 11CM,in stock,new,4600 ARS,https://primeramano.github.io/?p=6a21d98773e2ab00045aae58,https://pency-images.nyc3.digitaloceanspaces.com/revoleoficial/1780603243707.jpg,Primera Mano,Moda y Valijas
6a21dbaa38868f00045643d2,Kit de Adaptadores para Manguera Hui Yang,"✅ Compatible con la mayoría de las mangueras y canillas de jardín.  Incluye:  * Adaptador para canilla * Conector rápido estándar * Conector rápido con corte de agua (Water Stop) * Adaptador universal para diferentes tipos de conexión  Características:  * Instalación rápida y sencilla * Sistema de encastre rápido * Permite conectar y desconectar accesorios sin herramientas * Fabricados en plástico resistente de alta durabilidad * Evita pérdidas de agua gracias a sus juntas de sellado * Ideal para riego de jardines, lavado de autos, patios y terrazas * Compatible con pistolas de riego, aspersores y accesorios de jardinería  🌿 Perfecto para optimizar tu sistema de riego y facilitar las tareas de mantenimiento del jardín.",in stock,new,6800 ARS,https://primeramano.github.io/?p=6a21dbaa38868f00045643d2,https://pency-images.nyc3.digitaloceanspaces.com/revoleoficial/1780603798105.jpg,Primera Mano,Aire Libre y Jardín
6a22e6d0fdaa6b0004f464c3,Porta Capsulas 40 Unidades de Hierro,Porta Capsulas 40 Unidades de Hierro,in stock,new,17700 ARS,https://primeramano.github.io/?p=6a22e6d0fdaa6b0004f464c3,https://pency-images.nyc3.digitaloceanspaces.com/revoleoficial/1780672187364.jpg,Primera Mano,Cocina y Bazar
6a22e9bb63bad8000433a912,Set de Cocina 19PCS Silicona + Madera 1927,Set de Cocina 19PCS Silicona + Madera 1927,in stock,new,33900 ARS,https://primeramano.github.io/?p=6a22e9bb63bad8000433a912,https://pency-images.nyc3.digitaloceanspaces.com/revoleoficial/1780672952104.jpg,Primera Mano,Cocina y Bazar
6a2359b294e55d000475c709,Estufa Vertical 2 Velas,Estufa Vertical 2 Velas,in stock,new,17700 ARS,https://primeramano.github.io/?p=6a2359b294e55d000475c709,https://pency-images.nyc3.digitaloceanspaces.com/revoleoficial/1780701594945.jpg,Primera Mano,Ofertas
6a2359d2210aa10004e4f490,Estufa Infrarroja 4 Velas,Estufa Infrarroja 4 Velas,in stock,new,36700 ARS,https://primeramano.github.io/?p=6a2359d2210aa10004e4f490,https://pency-images.nyc3.digitaloceanspaces.com/revoleoficial/1780701629610.jpg,Primera Mano,Ofertas
6a242d1b6cbd1e00042a2d1d,Set X9 Accesorios de Baño Negro,Set X9 Accesorios de Baño Negro,in stock,new,48300 ARS,https://primeramano.github.io/?p=6a242d1b6cbd1e00042a2d1d,https://pency-images.nyc3.digitaloceanspaces.com/revoleoficial/1780755656678.jpg,Primera Mano,Baño y Limpieza
6a26e491cf55540004531fe8,Mate Acero Inoxidable 4 Colores 180ML Cod Mat-03,Mate Acero Inoxidable 4 Colores 180ML Cod Mat-03,in stock,new,7700 ARS,https://primeramano.github.io/?p=6a26e491cf55540004531fe8,https://pency-images.nyc3.digitaloceanspaces.com/revoleoficial/1780933756004.jpg,Primera Mano,Cocina y Bazar
6a2708624ee66a00047b8172,Organizador de Zapatos Extensible,Organizador de Zapatos Extensible,in stock,new,10600 ARS,https://primeramano.github.io/?p=6a2708624ee66a00047b8172,https://pency-images.nyc3.digitaloceanspaces.com/revoleoficial/1780942927692.jpg,Primera Mano,Organización
6a2827c6e3122200044cc005,Megáfono Potente USB Cod Elec136,Megáfono Potente USB Cod Elec136,in stock,new,25700 ARS,https://primeramano.github.io/?p=6a2827c6e3122200044cc005,https://pency-images.nyc3.digitaloceanspaces.com/revoleoficial/1781016481310.jpg,Primera Mano,Infantil y Juguetería
6a28291eb4dda90004cafd75,Tira LED RGB 5MTS con Control,Tira LED RGB 5MTS con Control,in stock,new,11400 ARS,https://primeramano.github.io/?p=6a28291eb4dda90004cafd75,https://pency-images.nyc3.digitaloceanspaces.com/revoleoficial/1781016858821.jpg,Primera Mano,Iluminación
6a2829d5b062fb000412433b,Batería Repuesto Herramientas a Batería 48V Cod Elec098,Batería Repuesto Herramientas a Batería 48V Cod Elec098,in stock,new,14100 ARS,https://primeramano.github.io/?p=6a2829d5b062fb000412433b,https://pency-images.nyc3.digitaloceanspaces.com/revoleoficial/1781017021923.jpg,Primera Mano,Herramientas y Baterías
6a28353bb4dda90004cafd89,Canasto de Ropa Plegable Grande 65CM,Canasto de Ropa Plegable Grande 65CM,in stock,new,21400 ARS,https://primeramano.github.io/?p=6a28353bb4dda90004cafd89,https://pency-images.nyc3.digitaloceanspaces.com/revoleoficial/1781019954081.jpg,Primera Mano,Baño y Limpieza
6a285910ca358900047e7763,Buzo Oversize S M L XL,Buzo Oversize S M L XL,in stock,new,21400 ARS,https://primeramano.github.io/?p=6a285910ca358900047e7763,https://pency-images.nyc3.digitaloceanspaces.com/revoleoficial/1781029112916.jpg,Primera Mano,Moda y Valijas
6a2ae063e97268000423f536,Alicate para Mascotas con Luz LED,"🔦 Luz LED incorporada para visualizar mejor la línea de corte y evitar accidentes ✂️ Cuchillas de acero de alta resistencia para un corte preciso y seguro 🛡️ Protector transparente que ayuda a contener los recortes de uñas 🔒 Traba de seguridad para un almacenamiento seguro cuando no está en uso 📏 Lima de uñas integrada para un acabado suave después del corte 🐾 Ideal para perros, gatos y otras mascotas 🤲 Diseño ergonómico y antideslizante para mayor comodidad 💚 Fácil de usar, incluso para quienes cortan las uñas de sus mascotas por primera vez",in stock,new,8800 ARS,https://primeramano.github.io/?p=6a2ae063e97268000423f536,https://pency-images.nyc3.digitaloceanspaces.com/revoleoficial/1781194828661.jpg,Primera Mano,Mascotas
6a2afeced9b2aa0004ebf0ba,Parlante Inalámbrico con Luz LED,"✅ Conectividad Bluetooth para celulares y otros dispositivos ✅ 5 modos de luces LED para una experiencia más divertida ✅ Radio FM incorporada ✅ Puerto USB para reproducción de música ✅ Batería recargable integrada ✅ Parlante de alta calidad de sonido ✅ Manija incorporada para transportarlo fácilmente ✅ Diseño compacto, liviano y portátil",in stock,new,9200 ARS,https://primeramano.github.io/?p=6a2afeced9b2aa0004ebf0ba,https://pency-images.nyc3.digitaloceanspaces.com/revoleoficial/1781202622313.jpg,Primera Mano,Tecnología y Audio
6a2b1c0b13dd740004e3f4cb,Lunchera Hermética con Divisiones 650ML,Lunchera Hermética con Divisiones 650ML,in stock,new,13800 ARS,https://primeramano.github.io/?p=6a2b1c0b13dd740004e3f4cb,https://pency-images.nyc3.digitaloceanspaces.com/revoleoficial/1781210114233.jpg,Primera Mano,Cocina y Bazar
6a2c65523dfe2c00040c95b1,Estante Organizador Acero Inoxidable con Ganchos,color negro disponible,in stock,new,31300 ARS,https://primeramano.github.io/?p=6a2c65523dfe2c00040c95b1,https://pency-images.nyc3.digitaloceanspaces.com/revoleoficial/1784298415763.jpg,Primera Mano,Organización
6a2c65a52cb4ed000443eb53,Perchero de Pie,Perchero de Pie,in stock,new,10200 ARS,https://primeramano.github.io/?p=6a2c65a52cb4ed000443eb53,https://pency-images.nyc3.digitaloceanspaces.com/revoleoficial/1784920818190.jpg,Primera Mano,Organización
6a2c66142cb4ed000443eb55,Tender Retráctil 3 Niveles Económico,Tender Retráctil 3 Niveles Económico,in stock,new,19400 ARS,https://primeramano.github.io/?p=6a2c66142cb4ed000443eb55,https://pency-images.nyc3.digitaloceanspaces.com/revoleoficial/1781294599720.jpg,Primera Mano,Organización
6a2c67573dfe2c00040c95b4,Par de Guantes de Trabajo,Par de Guantes de Trabajo,in stock,new,1600 ARS,https://primeramano.github.io/?p=6a2c67573dfe2c00040c95b4,https://pency-images.nyc3.digitaloceanspaces.com/revoleoficial/1781294817854.jpg,Primera Mano,Herramientas y Baterías
6a317f828b90c6000464afc3,Calculadora Solar y a Pila,Calculadora Solar y a Pila,in stock,new,8800 ARS,https://primeramano.github.io/?p=6a317f828b90c6000464afc3,https://pency-images.nyc3.digitaloceanspaces.com/revoleoficial/1781628786031.jpg,Primera Mano,Infantil y Juguetería
6a32c6449c1cc70004d277e9,Termo con Mate y Bombilla,DISPONIBLE EN 8 COLORES,in stock,new,25300 ARS,https://primeramano.github.io/?p=6a32c6449c1cc70004d277e9,https://pency-images.nyc3.digitaloceanspaces.com/revoleoficial/1781712445203.jpg,Primera Mano,Ofertas
6a33192f4c48d500046a2d40,Pistola Masajeador Mango Extensible 4 In 1,Pistola Masajeador Mango Extensible 4 In 1,in stock,new,29300 ARS,https://primeramano.github.io/?p=6a33192f4c48d500046a2d40,https://pency-images.nyc3.digitaloceanspaces.com/revoleoficial/1781733665981.jpg,Primera Mano,Belleza y Bienestar
6a33f34d807a970004845e86,Grifería Cocina 360,Grifería Cocina 360,in stock,new,22800 ARS,https://primeramano.github.io/?p=6a33f34d807a970004845e86,https://pency-images.nyc3.digitaloceanspaces.com/revoleoficial/1781789481433.jpg,Primera Mano,Ofertas
6a340a72fcb5df000424190c,Individuales Circulares,material: eco-cuero,in stock,new,2000 ARS,https://primeramano.github.io/?p=6a340a72fcb5df000424190c,https://pency-images.nyc3.digitaloceanspaces.com/revoleoficial/1781795439597.jpg,Primera Mano,Cocina y Bazar
6a340b57f9bc9200047daa69,Vasos Diamante Plástico,Vasos Diamante Plástico,in stock,new,6600 ARS,https://primeramano.github.io/?p=6a340b57f9bc9200047daa69,https://pency-images.nyc3.digitaloceanspaces.com/revoleoficial/1781795667440.jpg,Primera Mano,Cocina y Bazar
6a3430b21e779d000405bec2,Taza Magnética 3 Colores,✅TEMPORIZADOR DIGITAL ✅TABLERO DIGITAL CON MEDIDOR DE TEMPERATURA  ✅MATERIAL PREMIUM ✅500ML,in stock,new,15400 ARS,https://primeramano.github.io/?p=6a3430b21e779d000405bec2,https://pency-images.nyc3.digitaloceanspaces.com/revoleoficial/1781805214721.jpg,Primera Mano,Cocina y Bazar
6a3444e2e1a5e70004fcafae,Sacacorcho Eléctrico,"Se necesitan 4 pilas  ✅ Abre botellas de vino en segundos con solo presionar un botón. 🔋 Funcionamiento eléctrico, práctico y fácil de usar. 🍾 Extrae corchos de forma rápida y sin esfuerzo. 🖤 Diseño moderno, elegante y compacto. 🎯 Ideal para reuniones, cenas, eventos y uso doméstico. ✋ Mango ergonómico para un agarre cómodo y seguro. 🎁 Excelente opción para regalar a amantes del vino. 🎒 Liviano y fácil de guardar.  🍷 Disfrutá de tus vinos favoritos de manera simple, rápida y elegante. ✨",in stock,new,14700 ARS,https://primeramano.github.io/?p=6a3444e2e1a5e70004fcafae,https://pency-images.nyc3.digitaloceanspaces.com/revoleoficial/1782241406975.jpg,Primera Mano,Cocina y Bazar
6a3445edd43d5c00045d721e,Espejo Rectangular 30X60CM,Espejo Rectangular 30X60CM,in stock,new,26000 ARS,https://primeramano.github.io/?p=6a3445edd43d5c00045d721e,https://pency-images.nyc3.digitaloceanspaces.com/revoleoficial/1781810661090.jpg,Primera Mano,Ofertas
6a344674e1c78f000483862b,Gorro de Lana Adulto Size 58-61CM,Gorro de Lana Adulto Size 58-61CM,in stock,new,6600 ARS,https://primeramano.github.io/?p=6a344674e1c78f000483862b,https://pency-images.nyc3.digitaloceanspaces.com/revoleoficial/1781810784434.jpg,Primera Mano,Moda y Valijas
6a34469ad43d5c00045d721f,Gorro de Hilo Adulto 58-61CM,Gorro de Hilo Adulto 58-61CM,in stock,new,6100 ARS,https://primeramano.github.io/?p=6a34469ad43d5c00045d721f,https://pency-images.nyc3.digitaloceanspaces.com/revoleoficial/1781810830314.jpg,Primera Mano,Moda y Valijas
6a3559862381360004b64d3e,Almohada de Viaje Negra,Almohada de Viaje Negra,in stock,new,9500 ARS,https://primeramano.github.io/?p=6a3559862381360004b64d3e,https://pency-images.nyc3.digitaloceanspaces.com/revoleoficial/1781881203337.jpg,Primera Mano,Belleza y Bienestar
6a3559ce1534ee00045b4a05,Almohada de Viaje Gris,Almohada de Viaje Gris,in stock,new,9500 ARS,https://primeramano.github.io/?p=6a3559ce1534ee00045b4a05,https://pency-images.nyc3.digitaloceanspaces.com/revoleoficial/1781881266614.jpg,Primera Mano,Belleza y Bienestar
6a355b67d987f30004dedd99,Almohada de Viaje Pro Azul,Almohada de Viaje Pro Azul,in stock,new,10900 ARS,https://primeramano.github.io/?p=6a355b67d987f30004dedd99,https://pency-images.nyc3.digitaloceanspaces.com/revoleoficial/1781881683113.jpg,Primera Mano,Belleza y Bienestar
6a355bc0438ec800042c9c32,"Rodillera Ajustable Talle M, L, XL",Disponible talle M y L,in stock,new,4100 ARS,https://primeramano.github.io/?p=6a355bc0438ec800042c9c32,https://pency-images.nyc3.digitaloceanspaces.com/revoleoficial/1772477996347.jpg,Primera Mano,Belleza y Bienestar
6a35602c438ec800042c9c37,Farol de Exterior LED,Farol de Exterior LED,in stock,new,7700 ARS,https://primeramano.github.io/?p=6a35602c438ec800042c9c37,https://pency-images.nyc3.digitaloceanspaces.com/revoleoficial/1781882899590.jpg,Primera Mano,Iluminación
6a359b6e4771a300048a2c91,Lámpara LED con Sensor de Movimiento 3 Intensidades,Lámpara LED con Sensor de Movimiento 3 Intensidades,in stock,new,5100 ARS,https://primeramano.github.io/?p=6a359b6e4771a300048a2c91,https://pency-images.nyc3.digitaloceanspaces.com/revoleoficial/1781898074554.jpg,Primera Mano,Iluminación
6a369d1960fa7000041c4f88,Individuales Rectangulares,Individuales Rectangulares,in stock,new,2000 ARS,https://primeramano.github.io/?p=6a369d1960fa7000041c4f88,https://pency-images.nyc3.digitaloceanspaces.com/revoleoficial/1781964042996.jpg,Primera Mano,Cocina y Bazar
6a3956fa5b9fa400043df233,Organizador para Baúl de Auto,Organizador para Baúl de Auto,in stock,new,8000 ARS,https://primeramano.github.io/?p=6a3956fa5b9fa400043df233,https://pency-images.nyc3.digitaloceanspaces.com/revoleoficial/1782142690991.jpg,Primera Mano,Organización
6a39577d735bd500047b7b61,Protector de Seguridad para Perillas de Cocina X4 Unidades,Protector de Seguridad para Perillas de Cocina X4 Unidades,in stock,new,5500 ARS,https://primeramano.github.io/?p=6a39577d735bd500047b7b61,https://pency-images.nyc3.digitaloceanspaces.com/revoleoficial/1782142836661.jpg,Primera Mano,Cocina y Bazar
6a395df01d498d0004bf6b18,Set X2 Espejos Retrovisores para Moto y Bicicleta 8CM,Set X2 Espejos Retrovisores para Moto y Bicicleta 8CM,in stock,new,4600 ARS,https://primeramano.github.io/?p=6a395df01d498d0004bf6b18,https://pency-images.nyc3.digitaloceanspaces.com/revoleoficial/1782144514911.jpg,Primera Mano,Herramientas y Baterías
6a3994248238c80004e8cfe8,Chalecos Dama Largos por Debajo de la Rodilla S al XXL,Chalecos Dama Largos por Debajo de la Rodilla S al XXL,in stock,new,37200 ARS,https://primeramano.github.io/?p=6a3994248238c80004e8cfe8,https://pency-images.nyc3.digitaloceanspaces.com/revoleoficial/1782158343457.jpg,Primera Mano,Moda y Valijas
6a39a442616f5f00047ccf55,Lavarropa Kanji 6KG Inventer Silver Mod Kjh-wmcfsl,Lavarropa Kanji 6KG Inventer Silver Mod Kjh-wmcfsl,in stock,new,496600 ARS,https://primeramano.github.io/?p=6a39a442616f5f00047ccf55,https://pency-images.nyc3.digitaloceanspaces.com/revoleoficial/1782162461628.jpg,Primera Mano,Ofertas
6a3ab4c2717107000499ded0,Nebulizador Portatil,Nebulizador Portatil,in stock,new,9900 ARS,https://primeramano.github.io/?p=6a3ab4c2717107000499ded0,https://pency-images.nyc3.digitaloceanspaces.com/revoleoficial/1782232242294.jpg,Primera Mano,Ofertas
6a3adb41020caf0004acd612,Mandolina Cortadora de Verdura 16 en 1,"✅ Incluye 16 piezas intercambiables para distintos tipos de corte. 🔪 Corta, rebana, ralla y pica frutas y verduras fácilmente. 🥒 Ideal para pepino, zanahoria, cebolla, papa, tomate y más. 📦 Recipiente contenedor integrado para mayor comodidad y limpieza. 🛡️ Protector de manos para un uso más seguro. 🧼 Fácil de desmontar y limpiar. 💪 Cuchillas de acero inoxidable resistentes y duraderas. 🏠 Perfecta para agilizar la preparación de comidas.  ✨ Ahorrá tiempo en la cocina y conseguí cortes uniformes de forma rápida y sencilla. 🥕🥒🍅🍟",in stock,new,14700 ARS,https://primeramano.github.io/?p=6a3adb41020caf0004acd612,https://pency-images.nyc3.digitaloceanspaces.com/revoleoficial/1785869606446.jpg,Primera Mano,Cocina y Bazar
6a3af16b4573fb0004fb18e8,Dispensador de Agua Automático USB,✅Bombea agua con solo presionar el botón  🔋Recargable por USB,in stock,new,6100 ARS,https://primeramano.github.io/?p=6a3af16b4573fb0004fb18e8,https://pency-images.nyc3.digitaloceanspaces.com/revoleoficial/1782247757875.jpg,Primera Mano,Cocina y Bazar
6a3c3b6fd39a5f00045c3cfe,Secaplatos con Vasera,Secaplatos con Vasera,in stock,new,18500 ARS,https://primeramano.github.io/?p=6a3c3b6fd39a5f00045c3cfe,https://pency-images.nyc3.digitaloceanspaces.com/revoleoficial/1782332262784.jpg,Primera Mano,Cocina y Bazar
6a3d5edc6686bf0004110ccb,Posavasos Cuadrado X6 Unidades,Posavasos Cuadrado X6 Unidades,in stock,new,1000 ARS,https://primeramano.github.io/?p=6a3d5edc6686bf0004110ccb,https://pency-images.nyc3.digitaloceanspaces.com/revoleoficial/1782406869049.jpg,Primera Mano,Belleza y Bienestar
6a3d7e98b332bb00045103eb,Cinta Métrica 10MTS x 120,Cinta Métrica 10MTS x 120,in stock,new,4900 ARS,https://primeramano.github.io/?p=6a3d7e98b332bb00045103eb,https://pency-images.nyc3.digitaloceanspaces.com/revoleoficial/1782414978283.jpg,Primera Mano,Herramientas y Baterías
6a3d7fe01ce70c0004e66568,Cinta Métrica 5MTS x 240,Cinta Métrica 5MTS x 240,in stock,new,2400 ARS,https://primeramano.github.io/?p=6a3d7fe01ce70c0004e66568,https://pency-images.nyc3.digitaloceanspaces.com/revoleoficial/1782415321394.jpg,Primera Mano,Herramientas y Baterías
6a3d8062e5a1fd0004260b43,Set de Herramientas Profesional,Set de Herramientas Profesional,in stock,new,78400 ARS,https://primeramano.github.io/?p=6a3d8062e5a1fd0004260b43,https://pency-images.nyc3.digitaloceanspaces.com/revoleoficial/1782415449335.jpg,Primera Mano,Herramientas y Baterías
6a3d812934874c0004302d29,Taza Térmica 240ML con Tapa y Platillo de Bambú,Taza Térmica 240ML con Tapa y Platillo de Bambú,in stock,new,16200 ARS,https://primeramano.github.io/?p=6a3d812934874c0004302d29,https://pency-images.nyc3.digitaloceanspaces.com/revoleoficial/1782415653034.jpg,Primera Mano,Cocina y Bazar
6a3d81ad1ce70c0004e66574,Chispero Eléctrico,Chispero Eléctrico,in stock,new,5300 ARS,https://primeramano.github.io/?p=6a3d81ad1ce70c0004e66574,https://pency-images.nyc3.digitaloceanspaces.com/revoleoficial/1782415782872.jpg,Primera Mano,Cocina y Bazar
6a3d81e01ce70c0004e66577,Pistola de Burbujas LED,Pistola de Burbujas LED,in stock,new,38600 ARS,https://primeramano.github.io/?p=6a3d81e01ce70c0004e66577,https://pency-images.nyc3.digitaloceanspaces.com/revoleoficial/1782415831450.jpg,Primera Mano,Ofertas
6a3f282d74f29b000408a92f,Vidrio Templado Anti Espía Unidad,📲13/13Pro/14  📲13pro Max/14 Plus 📲14pro Max 📲15/16 📲15plus/16 plus 📲16pro Max 📲17air 📲17pro 📲17pro Max,in stock,new,7300 ARS,https://primeramano.github.io/?p=6a3f282d74f29b000408a92f,https://pency-images.nyc3.digitaloceanspaces.com/revoleoficial/1782523936158.jpg,Primera Mano,Ofertas
6a3fec457f3f510004885b17,Escritorio con Estantes Marrón Claro Mr25032,Profundidad: 48 cm Altura: 114 cm Ancho: 72 cm Largo: 115 cm Compuesto de madera. 3 estantes. Pesa 14kg.,in stock,new,106300 ARS,https://primeramano.github.io/?p=6a3fec457f3f510004885b17,https://pency-images.nyc3.digitaloceanspaces.com/revoleoficial/1782574074646.jpg,Primera Mano,Hogar y Decoración
6a3fec807f3f510004885b18,Escritorio con Estantes Marrón Oscuro Mr25033,Profundidad: 48 cm Altura: 114 cm Ancho: 72 cm Largo: 115 cm Compuesto de madera. 3 estantes. Pesa 14kg.,in stock,new,106300 ARS,https://primeramano.github.io/?p=6a3fec807f3f510004885b18,https://pency-images.nyc3.digitaloceanspaces.com/revoleoficial/1782574188205.jpg,Primera Mano,Hogar y Decoración
6a41f0c79f02af00048c1b7c,Humificador Leña,Humificador Leña,in stock,new,16900 ARS,https://primeramano.github.io/?p=6a41f0c79f02af00048c1b7c,https://pency-images.nyc3.digitaloceanspaces.com/revoleoficial/1778777326035.jpg,Primera Mano,Belleza y Bienestar
6a41f11d8855ab0004a46865,Micrófono Corbatero Dual 2852,Micrófono Corbatero Dual 2852,in stock,new,20900 ARS,https://primeramano.github.io/?p=6a41f11d8855ab0004a46865,https://pency-images.nyc3.digitaloceanspaces.com/revoleoficial/1782706437233.jpg,Primera Mano,Tecnología y Audio
6a41f1d5b0458e000491838c,Morral Antirrobo,medida: 34*20,in stock,new,13900 ARS,https://primeramano.github.io/?p=6a41f1d5b0458e000491838c,https://pency-images.nyc3.digitaloceanspaces.com/revoleoficial/1782706582145.jpg,Primera Mano,Organización
6a41f252b0458e000491838e,Juego de Herramientas 87 Piezas,Juego de Herramientas 87 Piezas,in stock,new,45200 ARS,https://primeramano.github.io/?p=6a41f252b0458e000491838e,https://pency-images.nyc3.digitaloceanspaces.com/revoleoficial/1782706752136.jpg,Primera Mano,Ofertas
6a41f2bcb0458e0004918390,Tender Retráctil Extensible,Tender Retráctil Extensible,in stock,new,14700 ARS,https://primeramano.github.io/?p=6a41f2bcb0458e0004918390,https://pency-images.nyc3.digitaloceanspaces.com/revoleoficial/1782706868695.jpg,Primera Mano,Organización
6a41f4aa8855ab0004a4686e,Rodillo Facial Derma Roller Negro y Fucsia,Rodillo Facial Derma Roller Negro y Fucsia,in stock,new,4200 ARS,https://primeramano.github.io/?p=6a41f4aa8855ab0004a4686e,https://pency-images.nyc3.digitaloceanspaces.com/revoleoficial/1782707355269.jpg,Primera Mano,Belleza y Bienestar
6a41f51f8855ab0004a4686f,Lámpara de Ventilador Redondo,Lámpara de Ventilador Redondo,in stock,new,21600 ARS,https://primeramano.github.io/?p=6a41f51f8855ab0004a4686f,https://pency-images.nyc3.digitaloceanspaces.com/revoleoficial/1782707467214.jpg,Primera Mano,Tecnología y Audio
6a426b2cf6a1380005ef753a,Set Manicura Mr5294,Set Manicura Mr5294,in stock,new,42600 ARS,https://primeramano.github.io/?p=6a426b2cf6a1380005ef753a,https://pency-images.nyc3.digitaloceanspaces.com/revoleoficial/1782737686317.jpg,Primera Mano,Belleza y Bienestar
6a4272048a20ef000490c84b,Caja Registradora 5 Compartimientos,Caja Registradora 5 Compartimientos,in stock,new,85800 ARS,https://primeramano.github.io/?p=6a4272048a20ef000490c84b,https://pency-images.nyc3.digitaloceanspaces.com/revoleoficial/1782739429112.jpg,Primera Mano,Comercial
6a42725c96a6560004edb258,Masajeador Facial con Vibración,Masajeador Facial con Vibración,in stock,new,17800 ARS,https://primeramano.github.io/?p=6a42725c96a6560004edb258,https://pency-images.nyc3.digitaloceanspaces.com/revoleoficial/1782739518584.jpg,Primera Mano,Ofertas
6a427619a177df00047fa1a3,Ventilador de Aire Caliente,"🌬️🔥 Ventilador de Aire Caliente ✅ Calienta rápido ambientes chicos y medianos 🎚️ Niveles de potencia ajustables 🛡️ Corte de seguridad por caída y sobrecalentamiento 🏠 Uso en piso o mesa, ideal para living, dormitorio u oficina 🔌 Fácil de trasladar y guardar",in stock,new,51600 ARS,https://primeramano.github.io/?p=6a427619a177df00047fa1a3,https://images.fravega.com/f300/86f2744ff7b34b5324962a316e640c4a.jpg,Primera Mano,Electrodomésticos
6a42cb45354ea200044ffd37,Set X6 Accesorios de Baño,Set X6 Accesorios de Baño,in stock,new,40800 ARS,https://primeramano.github.io/?p=6a42cb45354ea200044ffd37,https://pency-images.nyc3.digitaloceanspaces.com/revoleoficial/1782762301759.jpg,Primera Mano,Baño y Limpieza
6a43ed25f274c500045d7ff7,Limpiador Multifuncional + Batidor Recargable,Limpiador Multifuncional + Batidor Recargable,in stock,new,22900 ARS,https://primeramano.github.io/?p=6a43ed25f274c500045d7ff7,https://pency-images.nyc3.digitaloceanspaces.com/revoleoficial/1782836478265.jpg,Primera Mano,Cocina y Bazar
6a43ed5f23743c0004f702d7,Porta Botella Bici,Porta Botella Bici,in stock,new,2700 ARS,https://primeramano.github.io/?p=6a43ed5f23743c0004f702d7,https://pency-images.nyc3.digitaloceanspaces.com/revoleoficial/1782836567576.jpg,Primera Mano,Aire Libre y Jardín
6a43ee578e55020004cf02d4,Mouse Inalámbrico,Mouse Inalámbrico,in stock,new,6500 ARS,https://primeramano.github.io/?p=6a43ee578e55020004cf02d4,https://pency-images.nyc3.digitaloceanspaces.com/revoleoficial/1771335441560.jpg,Primera Mano,Tecnología y Audio
6a43ef107d7f0500048e9667,Calentador de Mamadera USB,Calentador de Mamadera USB,in stock,new,13900 ARS,https://primeramano.github.io/?p=6a43ef107d7f0500048e9667,https://pency-images.nyc3.digitaloceanspaces.com/revoleoficial/1782836997778.jpg,Primera Mano,Infantil y Juguetería
6a43efc123743c0004f702d9,Faja Electroestimuladora de Músculos Abdominales,Faja Electroestimuladora de Músculos Abdominales,in stock,new,11500 ARS,https://primeramano.github.io/?p=6a43efc123743c0004f702d9,https://pency-images.nyc3.digitaloceanspaces.com/revoleoficial/1782837174535.jpg,Primera Mano,Belleza y Bienestar
6a43f00d8e55020004cf02d8,Pistola Lutradora Pulidor Inalámbrico,Pistola Lutradora Pulidor Inalámbrico,in stock,new,31500 ARS,https://primeramano.github.io/?p=6a43f00d8e55020004cf02d8,https://pency-images.nyc3.digitaloceanspaces.com/revoleoficial/1782837256913.jpg,Primera Mano,Ofertas
6a43f040bd8b81000474c056,Balanza 50KG,Balanza 50KG,in stock,new,4700 ARS,https://primeramano.github.io/?p=6a43f040bd8b81000474c056,https://pency-images.nyc3.digitaloceanspaces.com/revoleoficial/1782837301062.jpg,Primera Mano,Moda y Valijas
6a43f0babd8b81000474c05c,Balanza 500GR,Balanza 500GR,in stock,new,6100 ARS,https://primeramano.github.io/?p=6a43f0babd8b81000474c05c,https://pency-images.nyc3.digitaloceanspaces.com/revoleoficial/1782837424285.jpg,Primera Mano,Comercial
6a4422efec909200040d38aa,Kit Taladro con Herramientas,⚒️ Incluye dos baterías de excelente calidad  ⚒️ Maletín con accesorios  ⚒️ Posee 3 funciones  ⚒️ Con maletín,in stock,new,58000 ARS,https://primeramano.github.io/?p=6a4422efec909200040d38aa,https://pency-images.nyc3.digitaloceanspaces.com/revoleoficial/1782850269243.jpg,Primera Mano,Herramientas y Baterías
6a442454837c110004932b8a,Par de Guante de Trabajo Antideslizante,Par de Guante de Trabajo Antideslizante,in stock,new,700 ARS,https://primeramano.github.io/?p=6a442454837c110004932b8a,https://pency-images.nyc3.digitaloceanspaces.com/revoleoficial/1782850633258.jpg,Primera Mano,Herramientas y Baterías
6a450d40ad719b000484d7b2,Calefactor de Pared con Control 40CM x 18CM,🌡️ Calefactor de Pared con Control 40x18cm ✅ Montaje en pared (o techo) 📡 Control remoto con temporizador 🛡️ Protección contra sobrecalentamiento 🌧️ Resistente a la intemperie en espacios protegidos ⚡ Varios niveles de potencia,in stock,new,59200 ARS,https://primeramano.github.io/?p=6a450d40ad719b000484d7b2,https://images.fravega.com/f1000/f13d59b97e26d00afc4dbbbf30047e5a.jpg,Primera Mano,Electrodomésticos
6a4536a9533f4900044d373e,Cesto de Bambú para Ropa Circular,Cesto de Bambú para Ropa Circular,in stock,new,27900 ARS,https://primeramano.github.io/?p=6a4536a9533f4900044d373e,https://pency-images.nyc3.digitaloceanspaces.com/revoleoficial/1782920858495.jpg,Primera Mano,Hogar y Decoración
6a45379b56ebe40004827b26,Pochoclera Cime,Pochoclera Cime,in stock,new,32300 ARS,https://primeramano.github.io/?p=6a45379b56ebe40004827b26,https://pency-images.nyc3.digitaloceanspaces.com/revoleoficial/1782921111260.jpg,Primera Mano,Ofertas
6a4547d88b75b100046495ae,Caja de Llaves Tubo 40PCS,Caja de Llaves Tubo 40PCS,in stock,new,8400 ARS,https://primeramano.github.io/?p=6a4547d88b75b100046495ae,https://pency-images.nyc3.digitaloceanspaces.com/revoleoficial/1782925233994.jpg,Primera Mano,Herramientas y Baterías
6a4660f40018cd0004f69238,Set X24 Cubiertos Plateados,Set X24 Cubiertos Plateados,in stock,new,34200 ARS,https://primeramano.github.io/?p=6a4660f40018cd0004f69238,https://pency-images.nyc3.digitaloceanspaces.com/revoleoficial/1782997208146.jpg,Primera Mano,Ofertas
6a4661383ce32f0004d6a8db,Organizador de Asiento para Auto,Organizador de Asiento para Auto,in stock,new,6600 ARS,https://primeramano.github.io/?p=6a4661383ce32f0004d6a8db,https://pency-images.nyc3.digitaloceanspaces.com/revoleoficial/1782997283132.jpg,Primera Mano,Organización
6a4666245be07d0004658ad8,Termica Impermeables de Dama M L XL XXL 5 Colores,Termica Impermeables de Dama M L XL XXL 5 Colores,in stock,new,42600 ARS,https://primeramano.github.io/?p=6a4666245be07d0004658ad8,https://pency-images.nyc3.digitaloceanspaces.com/revoleoficial/1782998551258.jpg,Primera Mano,Moda y Valijas
6a4676b884fd430004b8a880,Chaleco Cierre Lateral 3 Colores S M L XL XXL,Chaleco Cierre Lateral 3 Colores S M L XL XXL,in stock,new,31900 ARS,https://primeramano.github.io/?p=6a4676b884fd430004b8a880,https://pency-images.nyc3.digitaloceanspaces.com/revoleoficial/1783002782350.jpg,Primera Mano,Moda y Valijas
6a467f79d1b7ac0004d84af3,Bolsa para Ropa 4 Colores 50CM x 35CM,Bolsa para Ropa 4 Colores 50CM x 35CM,in stock,new,16500 ARS,https://primeramano.github.io/?p=6a467f79d1b7ac0004d84af3,https://pency-images.nyc3.digitaloceanspaces.com/revoleoficial/1783005025854.jpg,Primera Mano,Baño y Limpieza
6a467fcdd1b7ac0004d84af5,Bandeja de Mimbre Milano,Bandeja de Mimbre Milano,in stock,new,21000 ARS,https://primeramano.github.io/?p=6a467fcdd1b7ac0004d84af5,https://pency-images.nyc3.digitaloceanspaces.com/revoleoficial/1783005113016.jpg,Primera Mano,Hogar y Decoración
6a467ffed1b7ac0004d84af6,Bandeja de Mimbre Mykonos,Bandeja de Mimbre Mykonos,in stock,new,18900 ARS,https://primeramano.github.io/?p=6a467ffed1b7ac0004d84af6,https://pency-images.nyc3.digitaloceanspaces.com/revoleoficial/1783005171152.jpg,Primera Mano,Ofertas
6a468027d1b7ac0004d84af9,Set X3 Bandejas de Mimbre,Set X3 Bandejas de Mimbre,in stock,new,27900 ARS,https://primeramano.github.io/?p=6a468027d1b7ac0004d84af9,https://pency-images.nyc3.digitaloceanspaces.com/revoleoficial/1783005212655.jpg,Primera Mano,Cocina y Bazar
6a4680528ee7de0004ecb129,Caja Multifuncion para Autos,Caja Multifuncion para Autos,in stock,new,7200 ARS,https://primeramano.github.io/?p=6a4680528ee7de0004ecb129,https://pency-images.nyc3.digitaloceanspaces.com/revoleoficial/1783005250467.jpg,Primera Mano,Organización
6a46a9607676a70004f13b66,Mesa Auxiliar Doble Nivel,DISPONIBLE EN 3 COLORES  - BLANCO MARMOLADO - NEGRO MARMOLADO  - SIMIL MADERA,in stock,new,37200 ARS,https://primeramano.github.io/?p=6a46a9607676a70004f13b66,https://pency-images.nyc3.digitaloceanspaces.com/revoleoficial/1783015701414.jpg,Primera Mano,Hogar y Decoración
6a46a9d87676a70004f13b68,Conjunto de Piloto,talles del 2xl al 4xl,in stock,new,15700 ARS,https://primeramano.github.io/?p=6a46a9d87676a70004f13b68,https://pency-images.nyc3.digitaloceanspaces.com/revoleoficial/1783015864449.jpg,Primera Mano,Moda y Valijas
6a46aa157676a70004f13b69,Sartén de Aluminio para Wok Blanca,Sartén de Aluminio para Wok Blanca,in stock,new,46400 ARS,https://primeramano.github.io/?p=6a46aa157676a70004f13b69,https://pency-images.nyc3.digitaloceanspaces.com/revoleoficial/1783015948182.jpg,Primera Mano,Cocina y Bazar
6a46aa62587f47000494cea8,Guantes de Moto con Velcro,Guantes de Moto con Velcro,in stock,new,26000 ARS,https://primeramano.github.io/?p=6a46aa62587f47000494cea8,https://pency-images.nyc3.digitaloceanspaces.com/revoleoficial/1783016013022.jpg,Primera Mano,Belleza y Bienestar
6a46aab2e0eede00048fde69,Parlante Radio Retro,Parlante Radio Retro,in stock,new,20800 ARS,https://primeramano.github.io/?p=6a46aab2e0eede00048fde69,https://pency-images.nyc3.digitaloceanspaces.com/revoleoficial/1783016090288.jpg,Primera Mano,Tecnología y Audio
6a46ab037676a70004f13b6c,Soporte Laptop,Soporte Laptop,in stock,new,6300 ARS,https://primeramano.github.io/?p=6a46ab037676a70004f13b6c,https://pency-images.nyc3.digitaloceanspaces.com/revoleoficial/1783016172526.jpg,Primera Mano,Tecnología y Audio
6a47d29f5dbf1300044ae16a,Compresor de Aire Mini Portátil,Compresor de Aire Mini Portátil,in stock,new,22900 ARS,https://primeramano.github.io/?p=6a47d29f5dbf1300044ae16a,https://pency-images.nyc3.digitaloceanspaces.com/revoleoficial/1784911153851.jpg,Primera Mano,Herramientas y Baterías
6a47d2e85dbf1300044ae16d,Mini Caja Fuerte con Seguridad Digital y Llave,Mini Caja Fuerte con Seguridad Digital y Llave,in stock,new,42600 ARS,https://primeramano.github.io/?p=6a47d2e85dbf1300044ae16d,https://pency-images.nyc3.digitaloceanspaces.com/revoleoficial/1783091926494.jpg,Primera Mano,Herramientas y Baterías
6a47d34c5966c40004f4e037,Kit Mini Pinzas 5 Piezas,Kit Mini Pinzas 5 Piezas,in stock,new,12300 ARS,https://primeramano.github.io/?p=6a47d34c5966c40004f4e037,https://pency-images.nyc3.digitaloceanspaces.com/revoleoficial/1783092034104.jpg,Primera Mano,Herramientas y Baterías
6a47d41d63ae8e00047701eb,Candado con Alarma y Llave,Candado con Alarma y Llave,in stock,new,7300 ARS,https://primeramano.github.io/?p=6a47d41d63ae8e00047701eb,https://pency-images.nyc3.digitaloceanspaces.com/revoleoficial/1783092236462.jpg,Primera Mano,Herramientas y Baterías
6a47d46b63ae8e00047701ec,Mochila Estilo Morral Impermeable,Mochila Estilo Morral Impermeable,in stock,new,10500 ARS,https://primeramano.github.io/?p=6a47d46b63ae8e00047701ec,https://pency-images.nyc3.digitaloceanspaces.com/revoleoficial/1784046280126.jpg,Primera Mano,Moda y Valijas
6a47d4a163ae8e00047701ef,Pelota de Futbol Libertadores,Pelota de Futbol Libertadores,in stock,new,10500 ARS,https://primeramano.github.io/?p=6a47d4a163ae8e00047701ef,https://pency-images.nyc3.digitaloceanspaces.com/revoleoficial/1783092380396.jpg,Primera Mano,Infantil y Juguetería
6a481e620b22f500047539c6,Pelador de Frutas y Verduras,Pelador de Frutas y Verduras,in stock,new,18200 ARS,https://primeramano.github.io/?p=6a481e620b22f500047539c6,https://pency-images.nyc3.digitaloceanspaces.com/revoleoficial/1783111251180.jpg,Primera Mano,Cocina y Bazar
6a481f130b22f500047539c9,Bolsa Tipo Red Ajustable para Auto,Bolsa Tipo Red Ajustable para Auto,in stock,new,7200 ARS,https://primeramano.github.io/?p=6a481f130b22f500047539c9,https://pency-images.nyc3.digitaloceanspaces.com/revoleoficial/1783111423974.jpg,Primera Mano,Organización
6a481fb97c5bf5000407fd6b,Juego de Llaves,Juego de Llaves,in stock,new,35100 ARS,https://primeramano.github.io/?p=6a481fb97c5bf5000407fd6b,https://pency-images.nyc3.digitaloceanspaces.com/revoleoficial/1783111597139.jpg,Primera Mano,Herramientas y Baterías
6a4820e60b22f500047539cd,Organizador de Zapatillas,Organizador de Zapatillas,in stock,new,5400 ARS,https://primeramano.github.io/?p=6a4820e60b22f500047539cd,https://pency-images.nyc3.digitaloceanspaces.com/revoleoficial/1783111878044.jpg,Primera Mano,Organización
6a4821910b22f500047539d3,Tijera Cortadora de Pizza,Tijera Cortadora de Pizza,in stock,new,11800 ARS,https://primeramano.github.io/?p=6a4821910b22f500047539d3,https://pency-images.nyc3.digitaloceanspaces.com/revoleoficial/1783112044132.jpg,Primera Mano,Cocina y Bazar
6a49042bfec5b3000451f858,Caloventor Redondo Dinax 1.000 a 2.000 W,Caloventor Redondo Dinax 1.000 a 2.000 W,in stock,new,21000 ARS,https://primeramano.github.io/?p=6a49042bfec5b3000451f858,https://pency-images.nyc3.digitaloceanspaces.com/revoleoficial/1783170081611.jpg,Primera Mano,Ofertas
6a4bc76a4be1900004c16779,Bolsas de Desechos para Mascotas X6,Bolsas de Desechos para Mascotas X6,in stock,new,2300 ARS,https://primeramano.github.io/?p=6a4bc76a4be1900004c16779,https://pency-images.nyc3.digitaloceanspaces.com/revoleoficial/1783351131836.jpg,Primera Mano,Mascotas
6a4bc7ab72d7410004ad90ee,Cepillo Masajeador con Spray para Mascotas,Cepillo Masajeador con Spray para Mascotas,in stock,new,4500 ARS,https://primeramano.github.io/?p=6a4bc7ab72d7410004ad90ee,https://pency-images.nyc3.digitaloceanspaces.com/revoleoficial/1783351192305.jpg,Primera Mano,Mascotas
6a4bc8c84be1900004c1677a,Estufa Eléctrica 2 Velas Cuarzo Kanji Kjh-204,* ⚡ POTENCIA DE 800W PARA CALOR RÁPIDO * 🔌 VOLTAJE 220V * 🛡️ PROTECCIÓN CONTRA SOBRECALENTAMIENTO * 🔥 CALEFACCIÓN HALÓGENA EFICIENTE * 📏 DISEÑO COMPACTO: 37 × 29 × 13 CM,in stock,new,20800 ARS,https://primeramano.github.io/?p=6a4bc8c84be1900004c1677a,https://pency-images.nyc3.digitaloceanspaces.com/revoleoficial/1783351482769.jpg,Primera Mano,Ofertas
6a4bc97ba08bf300040e4bc5,Estufa 3 Velas Kanji Kjh-305,* ⚡ POTENCIA DE 1200W PARA MAYOR CALOR * 🔌 VOLTAJE 220V * 🛡️ PROTECCIÓN CONTRA SOBRECALENTAMIENTO * 🔥 CALEFACCIÓN HALÓGENA EFICIENTE * 📏 DISEÑO COMPACTO: 50 × 25 × 15 CM,in stock,new,34600 ARS,https://primeramano.github.io/?p=6a4bc97ba08bf300040e4bc5,https://pency-images.nyc3.digitaloceanspaces.com/revoleoficial/1783351656618.jpg,Primera Mano,Ofertas
6a4bca9872d7410004ad90f2,Caloventor Kanji Home,Caloventor Kanji Home,in stock,new,22200 ARS,https://primeramano.github.io/?p=6a4bca9872d7410004ad90f2,https://pency-images.nyc3.digitaloceanspaces.com/revoleoficial/1783351958520.jpg,Primera Mano,Ofertas
6a4d14f8723fbe000455854e,Organizador de Escritorio Infantil Blanco,📏 Medidas: 40 × 35 × 18 cm 🪵 Fabricado en MDF resistente  🗂️ 3 compartimentos para organizar tus accesorios 🗄️ 2 cajones de gran capacidad 🎨 Color: Blanco ordenado cualquier espacio,in stock,new,22900 ARS,https://primeramano.github.io/?p=6a4d14f8723fbe000455854e,https://pency-images.nyc3.digitaloceanspaces.com/revoleoficial/1783436519940.jpg,Primera Mano,Organización
6a4d159334977f0004312626,Bebedero Dispensador para Mascotas,"🐶 Ideal para perros y gatos 💦 Capacidad de 120 mL 🔋 Batería recargable por USB ✨ Funcionamiento automático 🛡️ Base antideslizante para mayor estabilidad 🧊 Fabricado en policarbonto resistente y transparente 📏 Medidas: 15,5 × 15,5 × 15,5 cm",in stock,new,29100 ARS,https://primeramano.github.io/?p=6a4d159334977f0004312626,https://pency-images.nyc3.digitaloceanspaces.com/revoleoficial/1783436665613.jpg,Primera Mano,Mascotas
6a4d17dc7668790004c68237,Organizador de Cocina Estantería Metalica,🖤 Estructura de metal reforzado resistente 📏 Medidas: 135 × 80 × 32 cm ✨ Diseño moderno y funcional que optimiza el espacio,in stock,new,126200 ARS,https://primeramano.github.io/?p=6a4d17dc7668790004c68237,https://pency-images.nyc3.digitaloceanspaces.com/revoleoficial/1783437225466.jpg,Primera Mano,Organización
6a4d19058e6a84000485fb8d,Organizador de Documentos,"Organizador de cajón🗄️ • 🗂️ Varios compartimientos para mantener todo ordenado • 💧 Lavable y fácil de limpiar • 🧵 Material resistente y duradero • 📦 Ideal para utensilios, ropa interior o accesorios • ✨ Diseño práctico, funcional y versátil",in stock,new,16500 ARS,https://primeramano.github.io/?p=6a4d19058e6a84000485fb8d,https://pency-images.nyc3.digitaloceanspaces.com/revoleoficial/1767799758296.jpg,Primera Mano,Hogar y Decoración
6a4d6857da4b450004fd72bd,Set X5 Cestos de Mimbre,Set X5 Cestos de Mimbre,in stock,new,36000 ARS,https://primeramano.github.io/?p=6a4d6857da4b450004fd72bd,https://pency-images.nyc3.digitaloceanspaces.com/revoleoficial/1783457858679.jpg,Primera Mano,Hogar y Decoración
6a54fc0dc509c50004fe9f86,Sartén de Cocina 3 en 1,"🪨 Revestimiento de roca volcánica de alta resistencia. ✨ Superficie antiadherente: evita que los alimentos se peguen y facilita la limpieza. 🪵 Mango de madera con aislamiento térmico, cómodo y seguro. 🔥 Calentamiento uniforme para una cocción pareja. 🏠 Compatible con cocinas a gas, eléctricas y cerámicas. 🧼 Apta para lavavajillas. 📏 Medidas: 17 × 17 × 2 cm.",in stock,new,18900 ARS,https://primeramano.github.io/?p=6a54fc0dc509c50004fe9f86,https://pency-images.nyc3.digitaloceanspaces.com/revoleoficial/1783954180926.jpg,Primera Mano,Cocina y Bazar
6a54fc94c509c50004fe9f87,Sartén de Cocina 4 en 1,"✅ Cuerpo de hierro resistente. 🌳 Mango de madera de agarre cómodo. 🍳 Revestimiento antiadherente para cocinar con menos aceite. 🧼 Apta para lavavajillas. 📐 Medidas: 17 × 17 × 2 cm. ⚖️ Peso: 500 g. ⬛ Diseño cuadrado, ideal para uso diario.",in stock,new,19300 ARS,https://primeramano.github.io/?p=6a54fc94c509c50004fe9f87,https://pency-images.nyc3.digitaloceanspaces.com/revoleoficial/1783954539345.jpg,Primera Mano,Cocina y Bazar
6a550835704a3200047fd313,Dispensador de Aceite con Pincel,Dispensador de Aceite con Pincel,in stock,new,8300 ARS,https://primeramano.github.io/?p=6a550835704a3200047fd313,https://pency-images.nyc3.digitaloceanspaces.com/revoleoficial/1783957522151.jpg,Primera Mano,Cocina y Bazar
6a55345260550400040e0234,Esponja con Recipiente para Detergente,Esponja con Recipiente para Detergente,in stock,new,9100 ARS,https://primeramano.github.io/?p=6a55345260550400040e0234,https://pency-images.nyc3.digitaloceanspaces.com/revoleoficial/1783968826480.jpg,Primera Mano,Baño y Limpieza
6a5534ce60550400040e0237,Tacho de Basura con Sensor 12LTS,Tacho de Basura con Sensor 12LTS,in stock,new,29300 ARS,https://primeramano.github.io/?p=6a5534ce60550400040e0237,https://pency-images.nyc3.digitaloceanspaces.com/revoleoficial/1783968950358.jpg,Primera Mano,Hogar y Decoración
6a55353f60550400040e023a,Set para Pintar Viral,Set para Pintar Viral,in stock,new,115100 ARS,https://primeramano.github.io/?p=6a55353f60550400040e023a,https://pency-images.nyc3.digitaloceanspaces.com/revoleoficial/1783969065377.jpg,Primera Mano,Herramientas y Baterías
6a55358d60550400040e023d,Espejo Rectangular Acrílico Irrompible 40CM x 60CM,Espejo Rectangular Acrílico Irrompible 40CM x 60CM,in stock,new,19600 ARS,https://primeramano.github.io/?p=6a55358d60550400040e023d,https://pency-images.nyc3.digitaloceanspaces.com/revoleoficial/1783969134323.jpg,Primera Mano,Hogar y Decoración
6a5535e329be660004857c29,Espejo Rectangular Acrílico Irrompible 30CM x 90CM,Espejo Rectangular Acrílico Irrompible 30CM x 90CM,in stock,new,19600 ARS,https://primeramano.github.io/?p=6a5535e329be660004857c29,https://pency-images.nyc3.digitaloceanspaces.com/revoleoficial/1783969225877.jpg,Primera Mano,Hogar y Decoración
6a55362e60550400040e023e,Espejo Rectangular Acrílico Irrompible 30CM x 40CM,Espejo Rectangular Acrílico Irrompible 30CM x 40CM,in stock,new,11800 ARS,https://primeramano.github.io/?p=6a55362e60550400040e023e,https://pency-images.nyc3.digitaloceanspaces.com/revoleoficial/1783969313214.jpg,Primera Mano,Hogar y Decoración
6a55366ab972d500047c7ff3,Espejo Rectangular Acrílico Irrompible 20CM x 60CM,Espejo Rectangular Acrílico Irrompible 20CM x 60CM,in stock,new,11800 ARS,https://primeramano.github.io/?p=6a55366ab972d500047c7ff3,https://pency-images.nyc3.digitaloceanspaces.com/revoleoficial/1783969376528.jpg,Primera Mano,Hogar y Decoración
6a5536b29ea00500046849a2,Espejo Ovalado Acrílico Irrompible 40CM x 60CM,Espejo Ovalado Acrílico Irrompible 40CM x 60CM,in stock,new,19600 ARS,https://primeramano.github.io/?p=6a5536b29ea00500046849a2,https://pency-images.nyc3.digitaloceanspaces.com/revoleoficial/1783969442695.jpg,Primera Mano,Hogar y Decoración
6a553822b972d500047c7ff5,Espejo Ovalado Acrílico Irrompible 30CM x 40CM,Espejo Ovalado Acrílico Irrompible 30CM x 40CM,in stock,new,10500 ARS,https://primeramano.github.io/?p=6a553822b972d500047c7ff5,https://pency-images.nyc3.digitaloceanspaces.com/revoleoficial/1783969807158.jpg,Primera Mano,Hogar y Decoración
6a565e993b79470004d9a39d,Campera V - Importadas 4 Colores,S M L XL XXL - IMPORTADAS 4 COLORES,in stock,new,48500 ARS,https://primeramano.github.io/?p=6a565e993b79470004d9a39d,https://pency-images.nyc3.digitaloceanspaces.com/revoleoficial/1784045186333.jpg,Primera Mano,Moda y Valijas
6a566212d0913c0004b05694,Set de Baño 3PCS,Set de Baño 3PCS,in stock,new,10300 ARS,https://primeramano.github.io/?p=6a566212d0913c0004b05694,https://pency-images.nyc3.digitaloceanspaces.com/revoleoficial/1784046081665.jpg,Primera Mano,Baño y Limpieza
6a56642dd0913c0004b0569d,Espejo con Luz LED L-j1009,Espejo con Luz LED L-j1009,in stock,new,14100 ARS,https://primeramano.github.io/?p=6a56642dd0913c0004b0569d,https://pency-images.nyc3.digitaloceanspaces.com/revoleoficial/1784046631762.jpg,Primera Mano,Belleza y Bienestar
6a5664664f43e7000457d5d8,Lámpara para Uñas 48W L-4668,Lámpara para Uñas 48W L-4668,in stock,new,22100 ARS,https://primeramano.github.io/?p=6a5664664f43e7000457d5d8,https://pency-images.nyc3.digitaloceanspaces.com/revoleoficial/1784046690368.jpg,Primera Mano,Belleza y Bienestar
6a5665dc2b85a70004a577c6,Timbre Inalámbrico,Timbre Inalámbrico,in stock,new,10500 ARS,https://primeramano.github.io/?p=6a5665dc2b85a70004a577c6,https://pency-images.nyc3.digitaloceanspaces.com/revoleoficial/1784047063766.jpg,Primera Mano,Herramientas y Baterías
6a5666254f43e7000457d5db,Mini Cámara Infantil,Mini Cámara Infantil,in stock,new,13500 ARS,https://primeramano.github.io/?p=6a5666254f43e7000457d5db,https://pency-images.nyc3.digitaloceanspaces.com/revoleoficial/1784047125930.jpg,Primera Mano,Infantil y Juguetería
6a566839d0913c0004b056a2,Mini Luz LED con Trípode 40W L-587,Mini Luz LED con Trípode 40W L-587,in stock,new,27300 ARS,https://primeramano.github.io/?p=6a566839d0913c0004b056a2,https://pency-images.nyc3.digitaloceanspaces.com/revoleoficial/1784047669754.jpg,Primera Mano,Iluminación
6a5668cc4f43e7000457d5e3,Mini LED Portátil para Celular L-588,Mini LED Portátil para Celular L-588,in stock,new,11400 ARS,https://primeramano.github.io/?p=6a5668cc4f43e7000457d5e3,https://pency-images.nyc3.digitaloceanspaces.com/revoleoficial/1784047816939.jpg,Primera Mano,Iluminación
6a56692ed0913c0004b056a9,Mini LED Portátil para Celular 3 Intensidades $12.000 L-596,Mini LED Portátil para Celular 3 Intensidades $12.000 L-596,in stock,new,16100 ARS,https://primeramano.github.io/?p=6a56692ed0913c0004b056a9,https://pency-images.nyc3.digitaloceanspaces.com/revoleoficial/1784047915410.jpg,Primera Mano,Iluminación
6a566a114f43e7000457d5e9,Auriculares para Moto,Auriculares para Moto,in stock,new,28500 ARS,https://primeramano.github.io/?p=6a566a114f43e7000457d5e9,https://pency-images.nyc3.digitaloceanspaces.com/revoleoficial/1784048127545.jpg,Primera Mano,Tecnología y Audio
6a568394db2fa300040e8c7b,Juego de Cámaras X3 para Auto L-e140,Juego de Cámaras X3 para Auto L-e140,in stock,new,35200 ARS,https://primeramano.github.io/?p=6a568394db2fa300040e8c7b,https://pency-images.nyc3.digitaloceanspaces.com/revoleoficial/1784054633736.jpg,Primera Mano,Tecnología y Audio
6a56843737604200046b317e,Juego de Camaras X4 para Auto L-e143,Juego de Camaras X4 para Auto L-e143,in stock,new,53900 ARS,https://primeramano.github.io/?p=6a56843737604200046b317e,https://pency-images.nyc3.digitaloceanspaces.com/revoleoficial/1784054835793.jpg,Primera Mano,Tecnología y Audio
6a57995ba8fa9c0004ca98f4,Molde Silicona para Horno,Molde Silicona para Horno,in stock,new,7400 ARS,https://primeramano.github.io/?p=6a57995ba8fa9c0004ca98f4,https://pency-images.nyc3.digitaloceanspaces.com/revoleoficial/1784125784513.jpg,Primera Mano,Cocina y Bazar
6a5a38bbb329e70004038e73,Set X3 Tupper Herméticos de Plástico Rectangulares,Set X3 Tupper Herméticos de Plástico Rectangulares,in stock,new,6300 ARS,https://primeramano.github.io/?p=6a5a38bbb329e70004038e73,https://pency-images.nyc3.digitaloceanspaces.com/revoleoficial/1784297623104.jpg,Primera Mano,Cocina y Bazar
6a5a38f79a1838000423e7dc,Super Bowl con Asa 10LTS,Super Bowl con Asa 10LTS,in stock,new,7300 ARS,https://primeramano.github.io/?p=6a5a38f79a1838000423e7dc,https://pency-images.nyc3.digitaloceanspaces.com/revoleoficial/1784297714001.jpg,Primera Mano,Cocina y Bazar
6a5a39209a1838000423e7dd,Set X3 Bowl Plástico Redondo,Set X3 Bowl Plástico Redondo,in stock,new,6300 ARS,https://primeramano.github.io/?p=6a5a39209a1838000423e7dd,https://pency-images.nyc3.digitaloceanspaces.com/revoleoficial/1784297753986.jpg,Primera Mano,Cocina y Bazar
6a5a398cb329e70004038e77,"Tupper de Plastico Hermético Arcoíris 5,5LTS",Por unidad,in stock,new,4300 ARS,https://primeramano.github.io/?p=6a5a398cb329e70004038e77,https://pency-images.nyc3.digitaloceanspaces.com/revoleoficial/1784297859813.jpg,Primera Mano,Cocina y Bazar
6a5a39cab329e70004038e7a,Caja 30LTS Black Apilable C/ruedas,Caja 30LTS Black Apilable C/ruedas,in stock,new,11500 ARS,https://primeramano.github.io/?p=6a5a39cab329e70004038e7a,https://pency-images.nyc3.digitaloceanspaces.com/revoleoficial/1784297925205.jpg,Primera Mano,Cocina y Bazar
6a5a3a09522dd300047bc091,Caja 55LTS Negro con Verde Apilable con Ruedas,Caja 55LTS Negro con Verde Apilable con Ruedas,in stock,new,16200 ARS,https://primeramano.github.io/?p=6a5a3a09522dd300047bc091,https://pency-images.nyc3.digitaloceanspaces.com/revoleoficial/1784297990215.jpg,Primera Mano,Cocina y Bazar
6a5a3a36522dd300047bc094,Caja 76LTS Total Black Apilable con Ruedas,Caja 76LTS Total Black Apilable con Ruedas,in stock,new,20100 ARS,https://primeramano.github.io/?p=6a5a3a36522dd300047bc094,https://pency-images.nyc3.digitaloceanspaces.com/revoleoficial/1784298032496.jpg,Primera Mano,Cocina y Bazar
6a5a3a5f522dd300047bc095,Canasto Ratan con Tapa 2.5,NEGRO Y MARRON,in stock,new,6800 ARS,https://primeramano.github.io/?p=6a5a3a5f522dd300047bc095,https://pency-images.nyc3.digitaloceanspaces.com/revoleoficial/1784298075096.jpg,Primera Mano,Cocina y Bazar
6a5a3aab522dd300047bc099,Set X3 Valija Black,Set X3 Valija Black,in stock,new,19400 ARS,https://primeramano.github.io/?p=6a5a3aab522dd300047bc099,https://pency-images.nyc3.digitaloceanspaces.com/revoleoficial/1785443245631.jpg,Primera Mano,Cocina y Bazar
6a5f7493cfb2e90004e2c30c,Kit Amoladora + Taladro Lusqtoff 720W Mod Lq195,"🛠️ Kit Amoladora + Taladro Lüsqtoff 720W ✅ Amoladora angular 115mm, 720W, 11.000 RPM, con disco y protector incluidos 🔩 Taladro percutor 13mm, 600W, 3.000 RPM, reversible 🧰 Incluye maletín para transportar y guardar ambas herramientas 💪 Ideal para trabajos de corte, desbaste, perforación en madera y metal",in stock,new,163800 ARS,https://primeramano.github.io/?p=6a5f7493cfb2e90004e2c30c,https://images.fravega.com/f1000/f4b933b0ef06bff324e7f2053b714f33.jpg,Primera Mano,Electrodomésticos
6a5f8fcba172cc00045c1dd6,Manta Oveja Premium – Modelo 2128A-23E,"Confeccionada en tela ovejera de alta calidad, esta manta ofrece una textura ultra suave, esponjosa y cálida, brindando una sensación envolvente y confortable. Su diseño en relieve tejido aporta un estilo elegante y moderno, perfecto para realzar cualquier dormitorio o espacio del hogar.",in stock,new,29900 ARS,https://primeramano.github.io/?p=6a5f8fcba172cc00045c1dd6,https://pency-images.nyc3.digitaloceanspaces.com/revoleoficial/1784647620254.jpg,Primera Mano,Hogar y Decoración
6a5f9088e82596000433c3a1,Cobertor 4 Piezas - Modelo E-1b-2,✅Contiene  ✔️1 Cubrecama: 240x260cm  ✔️1 Sábana Ajustable 162x203+40cm ✔️2 Fundas de Almohada 50x75cm,in stock,new,77900 ARS,https://primeramano.github.io/?p=6a5f9088e82596000433c3a1,https://pency-images.nyc3.digitaloceanspaces.com/revoleoficial/1784647805228.jpg,Primera Mano,Hogar y Decoración
6a60e74574a4f0000479be04,Maquillador con Banco,Maquillador con Banco,in stock,new,150600 ARS,https://primeramano.github.io/?p=6a60e74574a4f0000479be04,https://pency-images.nyc3.digitaloceanspaces.com/revoleoficial/1784735538216.jpg,Primera Mano,Hogar y Decoración
6a60e76074a4f0000479be05,Maquillador con Banco Amplio,Maquillador con Banco Amplio,in stock,new,163800 ARS,https://primeramano.github.io/?p=6a60e76074a4f0000479be05,https://pency-images.nyc3.digitaloceanspaces.com/revoleoficial/1784735566962.jpg,Primera Mano,Hogar y Decoración
6a621af8419e800004881af1,Organizador de Ropa para Cajon,Organizador de Ropa para Cajon,in stock,new,16600 ARS,https://primeramano.github.io/?p=6a621af8419e800004881af1,https://pency-images.nyc3.digitaloceanspaces.com/revoleoficial/1784814310376.jpg,Primera Mano,Organización
6a621b8cbb2923000461155a,Maletin de Maquillaje Negro,Maletin de Maquillaje Negro,in stock,new,27800 ARS,https://primeramano.github.io/?p=6a621b8cbb2923000461155a,https://pency-images.nyc3.digitaloceanspaces.com/revoleoficial/1784814457249.jpg,Primera Mano,Belleza y Bienestar
6a621ed0931b3400046cab78,Mini Organizador de Maquillaje con Espejo LED,Mini Organizador de Maquillaje con Espejo LED,in stock,new,24000 ARS,https://primeramano.github.io/?p=6a621ed0931b3400046cab78,https://pency-images.nyc3.digitaloceanspaces.com/revoleoficial/1784815295321.jpg,Primera Mano,Belleza y Bienestar
6a621f2d931b3400046cab7a,Alhajero Negro,Alhajero Negro,in stock,new,14500 ARS,https://primeramano.github.io/?p=6a621f2d931b3400046cab7a,https://pency-images.nyc3.digitaloceanspaces.com/revoleoficial/1784815384676.jpg,Primera Mano,Organización
6a621fb6bb29230004611563,Aspiradora de Alfombras / Sillones,Aspiradora de Alfombras / Sillones,in stock,new,201100 ARS,https://primeramano.github.io/?p=6a621fb6bb29230004611563,https://pency-images.nyc3.digitaloceanspaces.com/revoleoficial/1784815525340.jpg,Primera Mano,Baño y Limpieza
6a6220702ea4c90004aff04d,Contenedor para Comida de Mascotas Plegable,Contenedor para Comida de Mascotas Plegable,in stock,new,36000 ARS,https://primeramano.github.io/?p=6a6220702ea4c90004aff04d,https://pency-images.nyc3.digitaloceanspaces.com/revoleoficial/1784818237885.jpg,Primera Mano,Mascotas
6a624471e12fa7000421c5d1,Set Estanterías de Baño X5 Piezas,Set Estanterías de Baño X5 Piezas,in stock,new,24800 ARS,https://primeramano.github.io/?p=6a624471e12fa7000421c5d1,https://pency-images.nyc3.digitaloceanspaces.com/revoleoficial/1784824928173.jpg,Primera Mano,Organización
6a6244c87dc4680004319471,Organizador 2 Niveles Bajo Mesada con Canastos,Organizador 2 Niveles Bajo Mesada con Canastos,in stock,new,46400 ARS,https://primeramano.github.io/?p=6a6244c87dc4680004319471,https://pency-images.nyc3.digitaloceanspaces.com/revoleoficial/1784825022221.jpg,Primera Mano,Organización
6a6389d0d482b90004524537,Tender de Ropa Plegable,Tender de Ropa Plegable,in stock,new,34600 ARS,https://primeramano.github.io/?p=6a6389d0d482b90004524537,https://pency-images.nyc3.digitaloceanspaces.com/revoleoficial/1784908217738.jpg,Primera Mano,Hogar y Decoración
6a6390210e143e0004027b26,Estánteria Zapatero 6 Niveles,Estánteria Zapatero 6 Niveles,in stock,new,33200 ARS,https://primeramano.github.io/?p=6a6390210e143e0004027b26,https://pency-images.nyc3.digitaloceanspaces.com/revoleoficial/1773949371193.jpg,Primera Mano,Organización
6a63950a311a310004ad795e,Arrancador de Batería + Inflador Premium,Arrancador de Batería + Inflador Premium,in stock,new,69300 ARS,https://primeramano.github.io/?p=6a63950a311a310004ad795e,https://pency-images.nyc3.digitaloceanspaces.com/revoleoficial/1784911108729.jpg,Primera Mano,Herramientas y Baterías
6a639544311a310004ad7960,Compresor de Aire Portátil Premium,Compresor de Aire Portátil Premium,in stock,new,33200 ARS,https://primeramano.github.io/?p=6a639544311a310004ad7960,https://pency-images.nyc3.digitaloceanspaces.com/revoleoficial/1784911153851.jpg,Primera Mano,Herramientas y Baterías
6a63b8f02ee1200004ed8dc4,Juego de Ollas con Mango Desmontable 6 Piezas,Juego de Ollas con Mango Desmontable 6 Piezas,in stock,new,94600 ARS,https://primeramano.github.io/?p=6a63b8f02ee1200004ed8dc4,https://pency-images.nyc3.digitaloceanspaces.com/revoleoficial/1784920292574.jpg,Primera Mano,Cocina y Bazar
6a63c04b55461d0004bfeacf,Planchita de Pelo Keratina Pro,Planchita de Pelo Keratina Pro,in stock,new,15400 ARS,https://primeramano.github.io/?p=6a63c04b55461d0004bfeacf,https://pency-images.nyc3.digitaloceanspaces.com/revoleoficial/1784922173205.jpg,Primera Mano,Belleza y Bienestar
6a63cf9aa7650d000433ef59,Olla Eléctrica,Capacidad: 6lts,in stock,new,46600 ARS,https://primeramano.github.io/?p=6a63cf9aa7650d000433ef59,https://pency-images.nyc3.digitaloceanspaces.com/revoleoficial/1784926094846.jpg,Primera Mano,Cocina y Bazar
6a63d104815d9b000457861b,Mini Proyector,Mini Proyector,in stock,new,59300 ARS,https://primeramano.github.io/?p=6a63d104815d9b000457861b,https://pency-images.nyc3.digitaloceanspaces.com/revoleoficial/1771441082161.jpg,Primera Mano,Tecnología y Audio
6a68dbbddcff56000401915c,"Multitomas con 2 Tomas, USB y Teclas","Multitomas con 2 Tomas, USB y Teclas",in stock,new,26000 ARS,https://primeramano.github.io/?p=6a68dbbddcff56000401915c,https://pency-images.nyc3.digitaloceanspaces.com/revoleoficial/1785256878556.jpg,Primera Mano,Herramientas y Baterías
6a68de2c7e923f000539a1e5,Multitomas 5 Tomas con USB y Teclas,Multitomas 5 Tomas con USB y Teclas,in stock,new,16200 ARS,https://primeramano.github.io/?p=6a68de2c7e923f000539a1e5,https://pency-images.nyc3.digitaloceanspaces.com/revoleoficial/1785257503821.jpg,Primera Mano,Herramientas y Baterías
6a690d39e308880004318202,"Frasco Hermético Flip Chico 0,75L Blanco x Unidad",X UNIDAD,in stock,new,7400 ARS,https://primeramano.github.io/?p=6a690d39e308880004318202,https://pency-images.nyc3.digitaloceanspaces.com/revoleoficial/1785269539327.jpg,Primera Mano,Cocina y Bazar
6a690dbdf2f389000524f199,Frasco Hermético Flip Mediano 1L Blanco x Unidad,X UNIDAD,in stock,new,8200 ARS,https://primeramano.github.io/?p=6a690dbdf2f389000524f199,https://pency-images.nyc3.digitaloceanspaces.com/revoleoficial/1785269667910.jpg,Primera Mano,Cocina y Bazar
6a690e6cf2f389000524f19c,"Frasco Hermético Flip Grande 1,4L Blanco x Unidad",X UNIDAD,in stock,new,9000 ARS,https://primeramano.github.io/?p=6a690e6cf2f389000524f19c,https://pency-images.nyc3.digitaloceanspaces.com/revoleoficial/1785269847341.jpg,Primera Mano,Cocina y Bazar
6a690ec42db91a000437b0e3,"Frasco Hermético Dosificador Chico Blanco 0,75L x Unidad",X UNIDAD,in stock,new,9500 ARS,https://primeramano.github.io/?p=6a690ec42db91a000437b0e3,https://pency-images.nyc3.digitaloceanspaces.com/revoleoficial/1785269940935.jpg,Primera Mano,Cocina y Bazar
6a690f54f2f389000524f1a3,Frasco Hermético Dosificador Mediano Blanco 1L x Unidad,Frasco Hermético Dosificador Mediano Blanco 1L x Unidad,in stock,new,10300 ARS,https://primeramano.github.io/?p=6a690f54f2f389000524f1a3,https://pency-images.nyc3.digitaloceanspaces.com/revoleoficial/1785270089989.jpg,Primera Mano,Cocina y Bazar
6a690ff2e308880004318203,"Frasco Hermético Dosificador Grande Blanco 1,35L x Unidad","Frasco Hermético Dosificador Grande Blanco 1,35L x Unidad",in stock,new,11000 ARS,https://primeramano.github.io/?p=6a690ff2e308880004318203,https://pency-images.nyc3.digitaloceanspaces.com/revoleoficial/1785270245348.jpg,Primera Mano,Cocina y Bazar
6a69104de308880004318206,Jarra Cristal de Plastico 2LTS,Jarra Cristal de Plastico 2LTS,in stock,new,9800 ARS,https://primeramano.github.io/?p=6a69104de308880004318206,https://pency-images.nyc3.digitaloceanspaces.com/revoleoficial/1785270338987.jpg,Primera Mano,Cocina y Bazar
6a691097e594e60004afec13,Jarra Fume de Plastico 2LTS,Jarra Fume de Plastico 2LTS,in stock,new,9800 ARS,https://primeramano.github.io/?p=6a691097e594e60004afec13,https://pency-images.nyc3.digitaloceanspaces.com/revoleoficial/1785270413137.jpg,Primera Mano,Cocina y Bazar
6a6910f6e594e60004afec16,Canasto Clásico Deco x Unidad,Canasto Clásico Deco x Unidad,in stock,new,5400 ARS,https://primeramano.github.io/?p=6a6910f6e594e60004afec16,https://pency-images.nyc3.digitaloceanspaces.com/revoleoficial/1785270488932.jpg,Primera Mano,Cocina y Bazar
6a691127e594e60004afec17,Vaso Starbucks Full Bambú,Vaso Starbucks Full Bambú,in stock,new,2400 ARS,https://primeramano.github.io/?p=6a691127e594e60004afec17,https://pency-images.nyc3.digitaloceanspaces.com/revoleoficial/1785270557759.jpg,Primera Mano,Cocina y Bazar
6a691155e594e60004afec1a,Vaso Starbucks Full Negro,Vaso Starbucks Full Negro,in stock,new,2400 ARS,https://primeramano.github.io/?p=6a691155e594e60004afec1a,https://pency-images.nyc3.digitaloceanspaces.com/revoleoficial/1785270603044.jpg,Primera Mano,Cocina y Bazar
6a691184784a0c0004cf747d,Vaso Facetado Cristal de Plastico,Vaso Facetado Cristal de Plastico,in stock,new,2200 ARS,https://primeramano.github.io/?p=6a691184784a0c0004cf747d,https://pency-images.nyc3.digitaloceanspaces.com/revoleoficial/1785270648270.jpg,Primera Mano,Cocina y Bazar
6a6911bd784a0c0004cf747e,Vaso Facetado Fume de Plastico,Vaso Facetado Fume de Plastico,in stock,new,2200 ARS,https://primeramano.github.io/?p=6a6911bd784a0c0004cf747e,https://pency-images.nyc3.digitaloceanspaces.com/revoleoficial/1785270707196.jpg,Primera Mano,Cocina y Bazar
6a691203e308880004318209,Vaso Prisma 450CC Fume de Plastico,Vaso Prisma 450CC Fume de Plastico,in stock,new,2200 ARS,https://primeramano.github.io/?p=6a691203e308880004318209,https://pency-images.nyc3.digitaloceanspaces.com/revoleoficial/1785270774783.jpg,Primera Mano,Cocina y Bazar
6a691234e30888000431820b,Vaso Prisma 450CC Cristal de Plastico,Vaso Prisma 450CC Cristal de Plastico,in stock,new,2200 ARS,https://primeramano.github.io/?p=6a691234e30888000431820b,https://pency-images.nyc3.digitaloceanspaces.com/revoleoficial/1785270826044.jpg,Primera Mano,Cocina y Bazar
6a691266e30888000431820c,Tabla de Picar Rectangular 22X34CM Bambú,Tabla de Picar Rectangular 22X34CM Bambú,in stock,new,3800 ARS,https://primeramano.github.io/?p=6a691266e30888000431820c,https://pency-images.nyc3.digitaloceanspaces.com/revoleoficial/1785270876925.jpg,Primera Mano,Cocina y Bazar
6a6912b1784a0c0004cf7480,Escurridor Panal Bambú,Escurridor Panal Bambú,in stock,new,4600 ARS,https://primeramano.github.io/?p=6a6912b1784a0c0004cf7480,https://pency-images.nyc3.digitaloceanspaces.com/revoleoficial/1785270951782.jpg,Primera Mano,Cocina y Bazar
6a691344e30888000431820d,Plato Chico 21CM Clásico de Plastico,Plato Chico 21CM Clásico de Plastico,in stock,new,1500 ARS,https://primeramano.github.io/?p=6a691344e30888000431820d,https://pency-images.nyc3.digitaloceanspaces.com/revoleoficial/1785271075750.jpg,Primera Mano,Cocina y Bazar
6a69139e784a0c0004cf7481,Set Poke X5 Clásico de Plastico,Set Poke X5 Clásico de Plastico,in stock,new,8700 ARS,https://primeramano.github.io/?p=6a69139e784a0c0004cf7481,https://pency-images.nyc3.digitaloceanspaces.com/revoleoficial/1785271194690.jpg,Primera Mano,Cocina y Bazar
6a6a30088c07b80004803256,Pala Plegable para Camping Lüsqtoff,"⛏️ Pala Plegable 6 en 1 para Camping Lüsqtoff ✅ 6 funciones en una: pala, pico, azada, sierra, destapador y llave hexagonal 🔧 Acero al carbono, 800g de peso 📏 Hoja 15x24,5cm, largo total 58cm 🎒 Incluye funda para transportar 🏕️ Ideal para camping, trekking y el auto",in stock,new,24700 ARS,https://primeramano.github.io/?p=6a6a30088c07b80004803256,https://images.fravega.com/f1000/7c493219692d8f00789bba3e88aaf3e5.jpg,Primera Mano,Electrodomésticos
6a6a520dfe775f00044d165c,Set de Sartenes 3 Piezas,Set de Sartenes 3 Piezas,in stock,new,42600 ARS,https://primeramano.github.io/?p=6a6a520dfe775f00044d165c,https://pency-images.nyc3.digitaloceanspaces.com/revoleoficial/1785352703932.jpg,Primera Mano,Cocina y Bazar
6a6a5347426dde0004f98e6e,Candado 38MM,Candado 38MM,in stock,new,1400 ARS,https://primeramano.github.io/?p=6a6a5347426dde0004f98e6e,https://pency-images.nyc3.digitaloceanspaces.com/revoleoficial/1785353022682.jpg,Primera Mano,Herramientas y Baterías
6a6a5ec2fe775f00044d1677,Parlante,✨ Características principales: 🔊 Potencia 5W – sonido nítido y envolvente 📡 Bluetooth 5.0 | USB | TF | Radio FM – música desde cualquier fuente 💡 Luces LED multicolor – ambienta tu espacio al ritmo de la música 🎙️ Manos libres – atendé llamadas sin tocar tu teléfono 🔋 Batería 1200 mAh – hasta 3 h de reproducción continua 👨‍🚀 Diseño astronauta con luna iluminada – divertido y original,in stock,new,35900 ARS,https://primeramano.github.io/?p=6a6a5ec2fe775f00044d1677,https://pency-images.nyc3.digitaloceanspaces.com/revoleoficial/1769176256739.jpg,Primera Mano,Tecnología y Audio
6a6a5f3eda941900041ed32e,Kit de Pulseras,Kit de Pulseras,in stock,new,5100 ARS,https://primeramano.github.io/?p=6a6a5f3eda941900041ed32e,https://pency-images.nyc3.digitaloceanspaces.com/revoleoficial/1784046220829.jpg,Primera Mano,Infantil y Juguetería
6a6a668470233d0004ba7bed,Cámara de Seguridad,Cámara de Seguridad,in stock,new,29300 ARS,https://primeramano.github.io/?p=6a6a668470233d0004ba7bed,https://pency-images.nyc3.digitaloceanspaces.com/revoleoficial/1785357919577.jpg,Primera Mano,Tecnología y Audio
6a6a69dc8f8bd200042fff90,Campera Importada Tipo Canelón M al XXL 6 Colores,"COLORES: Gris, Azul oscuro, Negro, Verde, Blanco, Azul fuerte",in stock,new,35900 ARS,https://primeramano.github.io/?p=6a6a69dc8f8bd200042fff90,https://pency-images.nyc3.digitaloceanspaces.com/revoleoficial/1785358735466.jpg,Primera Mano,Moda y Valijas
6a6b602c8474e200043c3e83,Bicicleta Mint Astro Rodado 29,Bicicleta Mint Astro Rodado 29,in stock,new,242400 ARS,https://primeramano.github.io/?p=6a6b602c8474e200043c3e83,https://pency-images.nyc3.digitaloceanspaces.com/revoleoficial/1785421849855.jpg,Primera Mano,Aire Libre y Jardín
6a6b7b1b0e5439000468bcf0,Mandolina para Cocina,Mandolina para Cocina,in stock,new,36200 ARS,https://primeramano.github.io/?p=6a6b7b1b0e5439000468bcf0,https://pency-images.nyc3.digitaloceanspaces.com/revoleoficial/1785428737042.jpg,Primera Mano,Cocina y Bazar
6a6ba2be6f0e35000457d46b,Auricular BT - Cod Auri P6e,Auricular BT - Cod Auri P6e,in stock,new,11300 ARS,https://primeramano.github.io/?p=6a6ba2be6f0e35000457d46b,https://pency-images.nyc3.digitaloceanspaces.com/revoleoficial/1785438861451.jpg,Primera Mano,Tecnología y Audio
6a6ba35166d5870004b93373,Auto Control Remoto,Auto Control Remoto,in stock,new,9400 ARS,https://primeramano.github.io/?p=6a6ba35166d5870004b93373,https://pency-images.nyc3.digitaloceanspaces.com/revoleoficial/1773259390993.jpg,Primera Mano,Infantil y Juguetería
6a6ba394004f91000485f400,Auricular Vincha,Auricular Vincha,in stock,new,9900 ARS,https://primeramano.github.io/?p=6a6ba394004f91000485f400,https://pency-images.nyc3.digitaloceanspaces.com/revoleoficial/1785439106443.jpg,Primera Mano,Tecnología y Audio
6a6ca7175a27e200045a744c,Juguete Magnético para Niños 47 Piezas,Juguete Magnético para Niños 47 Piezas,in stock,new,20800 ARS,https://primeramano.github.io/?p=6a6ca7175a27e200045a744c,https://pency-images.nyc3.digitaloceanspaces.com/revoleoficial/1785505489120.jpg,Primera Mano,Infantil y Juguetería
6a6caa2746a9e100041ef057,Adaptador Ficha Mosquito,Adaptador Ficha Mosquito,in stock,new,600 ARS,https://primeramano.github.io/?p=6a6caa2746a9e100041ef057,https://pency-images.nyc3.digitaloceanspaces.com/revoleoficial/1785506325420.jpg,Primera Mano,Herramientas y Baterías
6a6cae4f34b41f0004083903,Pizarra Mágica Multicolor 9 Pulgadas,Pizarra Mágica Multicolor 9 Pulgadas,in stock,new,5500 ARS,https://primeramano.github.io/?p=6a6cae4f34b41f0004083903,https://pency-images.nyc3.digitaloceanspaces.com/revoleoficial/1785507403433.jpg,Primera Mano,Infantil y Juguetería
6a6caf933e01350004f8a291,Juego de Mesa Basta,Juego de Mesa Basta,in stock,new,15500 ARS,https://primeramano.github.io/?p=6a6caf933e01350004f8a291,https://pency-images.nyc3.digitaloceanspaces.com/revoleoficial/1786649504478.jpg,Primera Mano,Infantil y Juguetería
6a6cf1a53762590004098fa8,Kit de Accesorios de Pesca 177 Piezas,Kit de Accesorios de Pesca 177 Piezas,in stock,new,22000 ARS,https://primeramano.github.io/?p=6a6cf1a53762590004098fa8,https://pency-images.nyc3.digitaloceanspaces.com/revoleoficial/1785524600449.jpg,Primera Mano,Aire Libre y Jardín
6a6cf2493762590004098fad,Cortadora de Verduras Manual,Cortadora de Verduras Manual,in stock,new,13300 ARS,https://primeramano.github.io/?p=6a6cf2493762590004098fad,https://pency-images.nyc3.digitaloceanspaces.com/revoleoficial/1785524780298.jpg,Primera Mano,Cocina y Bazar
6a6cf35895b8ed000487c9d9,Organizador de Alacena Gris,Organizador de Alacena Gris,in stock,new,8800 ARS,https://primeramano.github.io/?p=6a6cf35895b8ed000487c9d9,https://pency-images.nyc3.digitaloceanspaces.com/revoleoficial/1785525017557.jpg,Primera Mano,Cocina y Bazar
6a6def6d0f6f9c0004041ba3,Set X3 Alhajeros 3 Tamaños - Tsv2858,Set X3 Alhajeros 3 Tamaños - Tsv2858,in stock,new,39000 ARS,https://primeramano.github.io/?p=6a6def6d0f6f9c0004041ba3,https://pency-images.nyc3.digitaloceanspaces.com/revoleoficial/1785589593542.jpg,Primera Mano,Belleza y Bienestar
6a6df7ce2e1a2e00045fe736,Set X2 Cámaras de Seguridad,Set X2 Cámaras de Seguridad,in stock,new,61700 ARS,https://primeramano.github.io/?p=6a6df7ce2e1a2e00045fe736,https://pency-images.nyc3.digitaloceanspaces.com/revoleoficial/1785591712638.jpg,Primera Mano,Tecnología y Audio
6a6df8123e737a0004276c68,Alhajero Blanco,Alhajero Blanco,in stock,new,14500 ARS,https://primeramano.github.io/?p=6a6df8123e737a0004276c68,https://pency-images.nyc3.digitaloceanspaces.com/revoleoficial/1785591805455.jpg,Primera Mano,Organización
6a70a2c2b1703300045105bf,Set Valijas 20 24 28 Triwill Fabric Ruian Negro,Set Valijas 20 24 28 Triwill Fabric Ruian Negro,in stock,new,241800 ARS,https://primeramano.github.io/?p=6a70a2c2b1703300045105bf,https://pency-images.nyc3.digitaloceanspaces.com/revoleoficial/1785766561064.jpg,Primera Mano,Moda y Valijas
6a70a33f6af07a000422e0e5,Set Valijas 20 24 28 Triwill Fabric Ruian Azul,Set Valijas 20 24 28 Triwill Fabric Ruian Azul,in stock,new,241800 ARS,https://primeramano.github.io/?p=6a70a33f6af07a000422e0e5,https://pency-images.nyc3.digitaloceanspaces.com/revoleoficial/1785766682693.jpg,Primera Mano,Moda y Valijas
6a70a63ddbcd9400044b7991,Valija Carry On Plateada,Valija Carry On Plateada,in stock,new,87100 ARS,https://primeramano.github.io/?p=6a70a63ddbcd9400044b7991,https://pency-images.nyc3.digitaloceanspaces.com/revoleoficial/1785767442054.jpg,Primera Mano,Moda y Valijas
6a70a6bbdbcd9400044b7992,Valija Carry On Negro,Valija Carry On Negro,in stock,new,87100 ARS,https://primeramano.github.io/?p=6a70a6bbdbcd9400044b7992,https://pency-images.nyc3.digitaloceanspaces.com/revoleoficial/1785767267185.jpg,Primera Mano,Moda y Valijas
6a70a7967447d600048ce089,Valija Abs Trolley Case Azul,Valija Abs Trolley Case Azul,in stock,new,54500 ARS,https://primeramano.github.io/?p=6a70a7967447d600048ce089,https://pency-images.nyc3.digitaloceanspaces.com/revoleoficial/1785767808254.jpg,Primera Mano,Moda y Valijas
6a70a7fc7447d600048ce08b,Valija Abs Trolley Case Roja,Valija Abs Trolley Case Roja,in stock,new,54500 ARS,https://primeramano.github.io/?p=6a70a7fc7447d600048ce08b,https://pency-images.nyc3.digitaloceanspaces.com/revoleoficial/1785767904438.jpg,Primera Mano,Moda y Valijas
6a70a89e7447d600048ce08d,Valija Abs Trolley Case Negro,Valija Abs Trolley Case Negro,in stock,new,54500 ARS,https://primeramano.github.io/?p=6a70a89e7447d600048ce08d,https://pency-images.nyc3.digitaloceanspaces.com/revoleoficial/1785768072295.jpg,Primera Mano,Moda y Valijas
6a70c026e7d30b00041f43b9,Set 24 Cubiertos + Organizador,6 COLORES DISPONIBLES:  NEGRO ROSA  CELESTE  GRIS  BLANCO  ROJO,in stock,new,13300 ARS,https://primeramano.github.io/?p=6a70c026e7d30b00041f43b9,https://pency-images.nyc3.digitaloceanspaces.com/revoleoficial/1785774095337.jpg,Primera Mano,Cocina y Bazar
6a70c8d9f686660004cfb2ba,Hidrolavadora Inalambrica 1 Bateria,Hidrolavadora Inalambrica 1 Bateria,in stock,new,50300 ARS,https://primeramano.github.io/?p=6a70c8d9f686660004cfb2ba,https://pency-images.nyc3.digitaloceanspaces.com/revoleoficial/1785776338406.jpg,Primera Mano,Herramientas y Baterías
6a723877a5aac9000436b4f6,Set X3 Tuppers de Vidrio con Tapa Bambú Redondo,Set X3 Tuppers de Vidrio con Tapa Bambú Redondo,in stock,new,25100 ARS,https://primeramano.github.io/?p=6a723877a5aac9000436b4f6,https://pency-images.nyc3.digitaloceanspaces.com/revoleoficial/1785870445149.jpg,Primera Mano,Cocina y Bazar
6a72390ea5aac9000436b4f8,Set X3 Bandeja de Vidrio Ovalada,Set X3 Bandeja de Vidrio Ovalada,in stock,new,51100 ARS,https://primeramano.github.io/?p=6a72390ea5aac9000436b4f8,https://pency-images.nyc3.digitaloceanspaces.com/revoleoficial/1785870584325.jpg,Primera Mano,Cocina y Bazar
6a723957a5aac9000436b4f9,Set X3 Bandeja de Vidrio Rectangular,Set X3 Bandeja de Vidrio Rectangular,in stock,new,51100 ARS,https://primeramano.github.io/?p=6a723957a5aac9000436b4f9,https://pency-images.nyc3.digitaloceanspaces.com/revoleoficial/1785870665631.jpg,Primera Mano,Cocina y Bazar
6a72399f5f20a10004400eed,Set X6 Piezas Cuchillo Profesional + Tijera + Pelador,Set X6 Piezas Cuchillo Profesional + Tijera + Pelador,in stock,new,20600 ARS,https://primeramano.github.io/?p=6a72399f5f20a10004400eed,https://pency-images.nyc3.digitaloceanspaces.com/revoleoficial/1785870739365.jpg,Primera Mano,Cocina y Bazar
6a7239eb0c1fb9000449436c,Alacena Plegable 4 Niveles con Imán para Puertas,Alacena Plegable 4 Niveles con Imán para Puertas,in stock,new,124100 ARS,https://primeramano.github.io/?p=6a7239eb0c1fb9000449436c,https://pency-images.nyc3.digitaloceanspaces.com/revoleoficial/1785870812569.jpg,Primera Mano,Hogar y Decoración
6a723a930c1fb9000449436e,Planchita de Pelo Osr Shine Therapy,Planchita de Pelo Osr Shine Therapy,in stock,new,12600 ARS,https://primeramano.github.io/?p=6a723a930c1fb9000449436e,https://pency-images.nyc3.digitaloceanspaces.com/revoleoficial/1785870984547.jpg,Primera Mano,Belleza y Bienestar
6a723afe0c1fb90004494370,Planchita de Pelo Mini,Planchita de Pelo Mini,in stock,new,6200 ARS,https://primeramano.github.io/?p=6a723afe0c1fb90004494370,https://pency-images.nyc3.digitaloceanspaces.com/revoleoficial/1785871093892.jpg,Primera Mano,Belleza y Bienestar
6a723bf0a5aac9000436b4fe,Lámpara de Mesa USB,Lámpara de Mesa USB,in stock,new,14500 ARS,https://primeramano.github.io/?p=6a723bf0a5aac9000436b4fe,https://pency-images.nyc3.digitaloceanspaces.com/revoleoficial/1785871316575.jpg,Primera Mano,Iluminación
6a723c8d0c1fb90004494373,Lámpara Solar LED 4 Focos,Lámpara Solar LED 4 Focos,in stock,new,15400 ARS,https://primeramano.github.io/?p=6a723c8d0c1fb90004494373,https://pency-images.nyc3.digitaloceanspaces.com/revoleoficial/1785871485794.jpg,Primera Mano,Iluminación
6a723d66858ac30004ce55b6,Lámpara Solar LED 6 Focos,Lámpara Solar LED 6 Focos,in stock,new,15400 ARS,https://primeramano.github.io/?p=6a723d66858ac30004ce55b6,https://pency-images.nyc3.digitaloceanspaces.com/revoleoficial/1785871700594.jpg,Primera Mano,Iluminación
6a724d634f6eb60004b43cfb,Saca Pelusa Mascota,Saca Pelusa Mascota,in stock,new,7300 ARS,https://primeramano.github.io/?p=6a724d634f6eb60004b43cfb,https://pency-images.nyc3.digitaloceanspaces.com/revoleoficial/1785875798259.jpg,Primera Mano,Mascotas
6a724df17cac4f00047e725b,Cajonera de Tela 3 Cajones,Cajonera de Tela 3 Cajones,in stock,new,22200 ARS,https://primeramano.github.io/?p=6a724df17cac4f00047e725b,https://pency-images.nyc3.digitaloceanspaces.com/revoleoficial/1785875886776.jpg,Primera Mano,Organización
6a7250d2441a2f00049ce4f8,Organizador de Zapatos con 4 Niveles de Estantes,Organizador de Zapatos con 4 Niveles de Estantes,in stock,new,16100 ARS,https://primeramano.github.io/?p=6a7250d2441a2f00049ce4f8,https://pency-images.nyc3.digitaloceanspaces.com/revoleoficial/1785876679046.jpg,Primera Mano,Organización
6a7252e94f6eb60004b43d09,Monopatín para Niños,Monopatín para Niños,in stock,new,29300 ARS,https://primeramano.github.io/?p=6a7252e94f6eb60004b43d09,https://pency-images.nyc3.digitaloceanspaces.com/revoleoficial/1785877187874.jpg,Primera Mano,Infantil y Juguetería
6a734c7ff200f60004784450,Contenedor de Vidrio para Alimentos 500ML,Contenedor de Vidrio para Alimentos 500ML,in stock,new,15500 ARS,https://primeramano.github.io/?p=6a734c7ff200f60004784450,https://pency-images.nyc3.digitaloceanspaces.com/revoleoficial/1785941109078.jpg,Primera Mano,Cocina y Bazar
6a7351725cca350004edd951,Contenedor de Vidrio para Alimentos 700ML,Contenedor de Vidrio para Alimentos 700ML,in stock,new,18100 ARS,https://primeramano.github.io/?p=6a7351725cca350004edd951,https://pency-images.nyc3.digitaloceanspaces.com/revoleoficial/1785942372906.jpg,Primera Mano,Cocina y Bazar
6a7351f6212d84000424c7ea,Organizador de Zapatos con 7 Niveles de Estantes,Organizador de Zapatos con 7 Niveles de Estantes,in stock,new,26300 ARS,https://primeramano.github.io/?p=6a7351f6212d84000424c7ea,https://pency-images.nyc3.digitaloceanspaces.com/revoleoficial/1785942467957.jpg,Primera Mano,Organización
6a735277212d84000424c7ec,Organizador de Zapatos con 8 Niveles de Estantes,Organizador de Zapatos con 8 Niveles de Estantes,in stock,new,28700 ARS,https://primeramano.github.io/?p=6a735277212d84000424c7ec,https://pency-images.nyc3.digitaloceanspaces.com/revoleoficial/1785942621057.jpg,Primera Mano,Organización
6a736036567a11000433edac,Extractor de Jugo Oryx 500ML,"🍊 Extractor de Jugo Oryx 500ml ✅ Motor 300W DC, silencioso y potente 🐌 60 RPM con reductor de 3 pasos: más jugo, menos espuma 🥤 Capacidad de jugo 500ml + depósito de pulpa 🔄 Función reversa para limpieza fácil 🧽 Incluye cepillo de limpieza, procesa frutas enteras",in stock,new,89800 ARS,https://primeramano.github.io/?p=6a736036567a11000433edac,https://oryx.ar/wp-content/uploads/2025/10/Electrodomesticos-82.jpg,Primera Mano,Electrodomésticos
6a73662f5cca350004edd95e,Soplador Inalámbrico Oryx,Soplador Inalámbrico Oryx,in stock,new,55900 ARS,https://primeramano.github.io/?p=6a73662f5cca350004edd95e,https://pency-images.nyc3.digitaloceanspaces.com/revoleoficial/1785947683473.jpg,Primera Mano,Herramientas y Baterías
6a7381106a1e8800041f62a2,Set de Parrilla + Tabla,Set de Parrilla + Tabla,in stock,new,18800 ARS,https://primeramano.github.io/?p=6a7381106a1e8800041f62a2,https://pency-images.nyc3.digitaloceanspaces.com/revoleoficial/1785954526954.jpg,Primera Mano,Cocina y Bazar
6a73818858777800044ad7c6,Tostadora Oryx,"🍞 Tostadora Oryx 2 Rebanadas 750W ✅ 6 niveles de tostado ajustables, del más suave al más dorado ✅ Sistema de expulsión automática de las tostadas ✅ Bandeja recoge migas removible, fácil de limpiar ✅ Diseño compacto ideal para cualquier cocina",in stock,new,25500 ARS,https://primeramano.github.io/?p=6a73818858777800044ad7c6,https://acdn-us.mitiendanube.com/stores/001/250/168/products/tostadora-oryx-or-501-bfa9c08a5728c37d6817702631658899-480-0.webp,Primera Mano,Electrodomésticos
6a7389cf1669f900045a481e,Set Parrillero X3 Unidades - Bbq267,Set Parrillero X3 Unidades - Bbq267,in stock,new,13100 ARS,https://primeramano.github.io/?p=6a7389cf1669f900045a481e,https://pency-images.nyc3.digitaloceanspaces.com/revoleoficial/1785956807316.jpg,Primera Mano,Cocina y Bazar
6a738a501669f900045a4822,Set Parrillero X2 Unidades - Kd004,Set Parrillero X2 Unidades - Kd004,in stock,new,8000 ARS,https://primeramano.github.io/?p=6a738a501669f900045a4822,https://pency-images.nyc3.digitaloceanspaces.com/revoleoficial/1785956880749.jpg,Primera Mano,Cocina y Bazar
6a738a8ba97f1100045f393a,Set de Cuchillos X6 Unidades,- 8 piezas,in stock,new,5900 ARS,https://primeramano.github.io/?p=6a738a8ba97f1100045f393a,https://pency-images.nyc3.digitaloceanspaces.com/revoleoficial/1769796088915.jpg,Primera Mano,Cocina y Bazar
6a739137dacdf100047a496a,Cargador para Auto Diversas Entradas,Cargador para Auto Diversas Entradas,in stock,new,16500 ARS,https://primeramano.github.io/?p=6a739137dacdf100047a496a,https://pency-images.nyc3.digitaloceanspaces.com/revoleoficial/1785958702857.jpg,Primera Mano,Tecnología y Audio
6a739392a97f1100045f3949,Organizador de Servilletas,"Organizador de cajón🗄️ • 🗂️ Varios compartimientos para mantener todo ordenado • 💧 Lavable y fácil de limpiar • 🧵 Material resistente y duradero • 📦 Ideal para utensilios, ropa interior o accesorios • ✨ Diseño práctico, funcional y versátil",in stock,new,5700 ARS,https://primeramano.github.io/?p=6a739392a97f1100045f3949,https://pency-images.nyc3.digitaloceanspaces.com/revoleoficial/1767799758296.jpg,Primera Mano,Cocina y Bazar
6a73979aad27680004c4ffae,Encendedor,Encendedor,in stock,new,700 ARS,https://primeramano.github.io/?p=6a73979aad27680004c4ffae,https://pency-images.nyc3.digitaloceanspaces.com/revoleoficial/1785960330215.jpg,Primera Mano,Herramientas y Baterías
6a739aa09841c2000485caf2,Mandolina,"🥕 Mandolina Cortadora de Verduras + Colador + Bowl ✅ 7 funciones de corte: rallado en 1, 3, 4 y 8mm, fetas en 1.5 y 2.5mm y ondulado en 3mm ✅ Incluye pelapapas y recipiente contenedor desmontable ✅ Colador plegable integrado para escurrir ✅ Ideal para picar rápido sin lastimarte las manos",in stock,new,16300 ARS,https://primeramano.github.io/?p=6a739aa09841c2000485caf2,https://images.fravega.com/f1000/78981d0a586db159437e5fe0f986c919.jpg,Primera Mano,Cocina y Bazar
6a74acc59dd4da0004869b32,Trampolín Infantil Azul,Soporta hasta: 100kg,in stock,new,188600 ARS,https://primeramano.github.io/?p=6a74acc59dd4da0004869b32,https://pency-images.nyc3.digitaloceanspaces.com/revoleoficial/1786031285534.jpg,Primera Mano,Infantil y Juguetería
6a74ae5f5526600004410cd3,Tacho de Basura de Plastico Negro,Tacho de Basura de Plastico Negro,in stock,new,33900 ARS,https://primeramano.github.io/?p=6a74ae5f5526600004410cd3,https://pency-images.nyc3.digitaloceanspaces.com/revoleoficial/1786031673859.jpg,Primera Mano,Hogar y Decoración
6a74aef59dd4da0004869b3e,Botellas Plasticas 3 Picos,Botellas Plasticas 3 Picos,in stock,new,14100 ARS,https://primeramano.github.io/?p=6a74aef59dd4da0004869b3e,https://pency-images.nyc3.digitaloceanspaces.com/revoleoficial/1786031836249.jpg,Primera Mano,Cocina y Bazar
6a74b64e5526600004410cdd,Minipimer Eléctrica,Minipimer Eléctrica,in stock,new,24100 ARS,https://primeramano.github.io/?p=6a74b64e5526600004410cdd,https://pency-images.nyc3.digitaloceanspaces.com/revoleoficial/1786033732912.jpg,Primera Mano,Cocina y Bazar
6a74b6d55526600004410ce2,Estaca Solar 2 en 1 de Jardín,Estaca Solar 2 en 1 de Jardín,in stock,new,10000 ARS,https://primeramano.github.io/?p=6a74b6d55526600004410ce2,https://pency-images.nyc3.digitaloceanspaces.com/revoleoficial/1786033868647.jpg,Primera Mano,Iluminación
6a74cf1a25a16b0004a1d906,Set Contenedores Hermeticos X5,Set Contenedores Hermeticos X5,in stock,new,37100 ARS,https://primeramano.github.io/?p=6a74cf1a25a16b0004a1d906,https://pency-images.nyc3.digitaloceanspaces.com/revoleoficial/1772479774091.jpg,Primera Mano,Cocina y Bazar
6a74d822f838b5000416a04e,Set X7 Bowls con Tapas de Colores,Set X7 Bowls con Tapas de Colores,in stock,new,57600 ARS,https://primeramano.github.io/?p=6a74d822f838b5000416a04e,https://pency-images.nyc3.digitaloceanspaces.com/revoleoficial/1786042368981.jpg,Primera Mano,Cocina y Bazar
6a74db29762bf80004cd5f4b,Set Contenedores Herméticos X6,Set Contenedores Herméticos X6,in stock,new,39000 ARS,https://primeramano.github.io/?p=6a74db29762bf80004cd5f4b,https://pency-images.nyc3.digitaloceanspaces.com/revoleoficial/1786043148050.jpg,Primera Mano,Cocina y Bazar
6a760f16d176990004db3719,Llave Tubo 151 Piezas,Llave Tubo 151 Piezas,in stock,new,183400 ARS,https://primeramano.github.io/?p=6a760f16d176990004db3719,https://pency-images.nyc3.digitaloceanspaces.com/revoleoficial/1773177505114.jpg,Primera Mano,Herramientas y Baterías
6a762a3f61aef80004aeb5a6,Organizador de Cocina Doble,Organizador de Cocina Doble,in stock,new,16100 ARS,https://primeramano.github.io/?p=6a762a3f61aef80004aeb5a6,https://pency-images.nyc3.digitaloceanspaces.com/revoleoficial/1786128849449.jpg,Primera Mano,Cocina y Bazar
6a764589e87151000441ddf5,Linterna 18W con Kit de Herramientas,Linterna 18W con Kit de Herramientas,in stock,new,26000 ARS,https://primeramano.github.io/?p=6a764589e87151000441ddf5,https://pency-images.nyc3.digitaloceanspaces.com/revoleoficial/1786135927541.jpg,Primera Mano,Herramientas y Baterías
6a76463bc28b3000041c771f,Microondas Digital de 20L Dinax,"🔥 Microondas Digital Dinax ✅ Panel táctil digital con niveles de potencia ajustables ✅ Timer programable y función de descongelado rápido ✅ Luz interior para ver la cocción ✅ Ideal para calentar, cocinar y descongelar en segundos",in stock,new,174200 ARS,https://primeramano.github.io/?p=6a76463bc28b3000041c771f,https://images.fravega.com/f1000/b24993cd927abd27dd96e0d8e9f92584.jpg,Primera Mano,Electrodomésticos
6a7a041395fa8e0004818641,Cesto Residuos 5LT Negro,Cesto Residuos 5LT Negro,in stock,new,24100 ARS,https://primeramano.github.io/?p=6a7a041395fa8e0004818641,https://pency-images.nyc3.digitaloceanspaces.com/revoleoficial/1786381323653.jpg,Primera Mano,Hogar y Decoración
6a7b77d0ad063e0004c57cdc,Luz de Emergencia 72CM,Luz de Emergencia 72CM,in stock,new,6300 ARS,https://primeramano.github.io/?p=6a7b77d0ad063e0004c57cdc,https://pency-images.nyc3.digitaloceanspaces.com/revoleoficial/1786476488509.jpg,Primera Mano,Iluminación
6a7b7848b245d60004a459fc,Luz de Emergencia 32CM,Luz de Emergencia 32CM,in stock,new,4300 ARS,https://primeramano.github.io/?p=6a7b7848b245d60004a459fc,https://pency-images.nyc3.digitaloceanspaces.com/revoleoficial/1786476579279.jpg,Primera Mano,Iluminación
6a7b787bb245d60004a459fe,Luz de Emergencia 52CM,Luz de Emergencia 52CM,in stock,new,5500 ARS,https://primeramano.github.io/?p=6a7b787bb245d60004a459fe,https://pency-images.nyc3.digitaloceanspaces.com/revoleoficial/1786476657375.jpg,Primera Mano,Iluminación
6a7b7906c1b2f1000474f683,Planta Artificial Lengua de Suegra 10CM x 40CM,Planta Artificial Lengua de Suegra 10CM x 40CM,in stock,new,29800 ARS,https://primeramano.github.io/?p=6a7b7906c1b2f1000474f683,https://pency-images.nyc3.digitaloceanspaces.com/revoleoficial/1786476794213.jpg,Primera Mano,Hogar y Decoración
6a7b7935b245d60004a45a02,Planta Artificial Pasto Ornamental 10CM x 30CM,Planta Artificial Pasto Ornamental 10CM x 30CM,in stock,new,8300 ARS,https://primeramano.github.io/?p=6a7b7935b245d60004a45a02,https://pency-images.nyc3.digitaloceanspaces.com/revoleoficial/1786476846617.jpg,Primera Mano,Hogar y Decoración
6a7b7963b245d60004a45a05,Planta Artificial Cosmos Violeta 10CM x 25CM,Planta Artificial Cosmos Violeta 10CM x 25CM,in stock,new,8700 ARS,https://primeramano.github.io/?p=6a7b7963b245d60004a45a05,https://pency-images.nyc3.digitaloceanspaces.com/revoleoficial/1786476890291.jpg,Primera Mano,Hogar y Decoración
6a7b79ea3f66c40004cac934,Luz Ojo de Gato con Sensor 30CM,Luz Ojo de Gato con Sensor 30CM,in stock,new,7800 ARS,https://primeramano.github.io/?p=6a7b79ea3f66c40004cac934,https://pency-images.nyc3.digitaloceanspaces.com/revoleoficial/1786477026221.jpg,Primera Mano,Iluminación
6a7b7aa3c1b2f1000474f685,Lámpara 100W,Lámpara 100W,in stock,new,6300 ARS,https://primeramano.github.io/?p=6a7b7aa3c1b2f1000474f685,https://pency-images.nyc3.digitaloceanspaces.com/revoleoficial/1786477210730.jpg,Primera Mano,Iluminación
6a7b8354c5d2c400041af35f,Planta Artificial Chica con Maceta y Flores,Planta Artificial Chica con Maceta y Flores,in stock,new,4900 ARS,https://primeramano.github.io/?p=6a7b8354c5d2c400041af35f,https://pency-images.nyc3.digitaloceanspaces.com/revoleoficial/1786479441486.jpg,Primera Mano,Hogar y Decoración
6a7cd1581e889d00040e11ff,Set de Tenedores X6,Set de Tenedores X6,in stock,new,5300 ARS,https://primeramano.github.io/?p=6a7cd1581e889d00040e11ff,https://pency-images.nyc3.digitaloceanspaces.com/revoleoficial/1786564926975.jpg,Primera Mano,Cocina y Bazar
6a7cd19925ec7500044f4aff,Set de Brochas de Maquillaje 8PCS,Set de Brochas de Maquillaje 8PCS,in stock,new,4200 ARS,https://primeramano.github.io/?p=6a7cd19925ec7500044f4aff,https://pency-images.nyc3.digitaloceanspaces.com/revoleoficial/1786565006471.jpg,Primera Mano,Belleza y Bienestar
6a7cd1ce1e889d00040e1205,Cortadora de Pelo,Cortadora de Pelo,in stock,new,9400 ARS,https://primeramano.github.io/?p=6a7cd1ce1e889d00040e1205,https://pency-images.nyc3.digitaloceanspaces.com/revoleoficial/1786565053917.jpg,Primera Mano,Belleza y Bienestar
6a7cd4485f40400004fd0a60,Set X6 Destornilladores,Set X6 Destornilladores,in stock,new,7600 ARS,https://primeramano.github.io/?p=6a7cd4485f40400004fd0a60,https://pency-images.nyc3.digitaloceanspaces.com/revoleoficial/1786565694910.jpg,Primera Mano,Herramientas y Baterías
6a7cd61b25ec7500044f4b0e,Toallero 40CM,Toallero 40CM,in stock,new,9400 ARS,https://primeramano.github.io/?p=6a7cd61b25ec7500044f4b0e,https://pency-images.nyc3.digitaloceanspaces.com/revoleoficial/1786566161301.jpg,Primera Mano,Baño y Limpieza
6a7cd65325ec7500044f4b10,Cargador Portátil 5000 Mah,Cargador Portátil 5000 Mah,in stock,new,14700 ARS,https://primeramano.github.io/?p=6a7cd65325ec7500044f4b10,https://pency-images.nyc3.digitaloceanspaces.com/revoleoficial/1786566215420.jpg,Primera Mano,Tecnología y Audio
6a84616e86353f0004ecca79,Parasol para Auto,Parasol para Auto,in stock,new,5200 ARS,https://primeramano.github.io/?p=6a84616e86353f0004ecca79,https://pency-images.nyc3.digitaloceanspaces.com/revoleoficial/1787060547787.jpg,Primera Mano,Herramientas y Baterías
6a8461a486353f0004ecca7b,Cesto Silicona Plegable,Cesto Silicona Plegable,in stock,new,7000 ARS,https://primeramano.github.io/?p=6a8461a486353f0004ecca7b,https://pency-images.nyc3.digitaloceanspaces.com/revoleoficial/1787060620388.jpg,Primera Mano,Organización
6a8464d141e48700046246cb,Destornillador de Precision Multiusos - C6011a,Destornillador de Precision Multiusos - C6011a,in stock,new,4200 ARS,https://primeramano.github.io/?p=6a8464d141e48700046246cb,https://pency-images.nyc3.digitaloceanspaces.com/revoleoficial/1787061405012.jpg,Primera Mano,Herramientas y Baterías
6a84651f41e48700046246ce,Heladera con Freezer 260LTS Dinax,"❄️ Heladera con Freezer 260Lts ✅ Freezer superior integrado, ideal para conservar congelados ✅ Estantes de vidrio templado y puertas reversibles ✅ Compartimento para frutas y verduras ✅ Gas refrigerante ecológico R600a 🏠 Diseño moderno, se adapta a cualquier cocina",in stock,new,657800 ARS,https://primeramano.github.io/?p=6a84651f41e48700046246ce,https://images.fravega.com/f1000/2fbe5e78cd8feb16e2ce8e355c6b0809.jpg,Primera Mano,Electrodomésticos
6a85d5cb2956a00004f78600,Archivero de Documentos Bt8638,Archivero de Documentos Bt8638,in stock,new,8600 ARS,https://primeramano.github.io/?p=6a85d5cb2956a00004f78600,https://pency-images.nyc3.digitaloceanspaces.com/revoleoficial/1787155912052.jpg,Primera Mano,Infantil y Juguetería
6a85d68a845f2600048fe09b,Cargador para Auto 4 en 1 Km-64561,Cargador para Auto 4 en 1 Km-64561,in stock,new,13400 ARS,https://primeramano.github.io/?p=6a85d68a845f2600048fe09b,https://pency-images.nyc3.digitaloceanspaces.com/revoleoficial/1787156096068.jpg,Primera Mano,Tecnología y Audio
6a85d6d82956a00004f78603,Máquina Contadora de Billetes M10e,Máquina Contadora de Billetes M10e,in stock,new,95000 ARS,https://primeramano.github.io/?p=6a85d6d82956a00004f78603,https://pency-images.nyc3.digitaloceanspaces.com/revoleoficial/1787156161166.jpg,Primera Mano,Comercial
6a85d73f845f2600048fe09e,Velita Decorativa Aromatica Colores K-64228,Velita Decorativa Aromatica Colores K-64228,in stock,new,3200 ARS,https://primeramano.github.io/?p=6a85d73f845f2600048fe09e,https://pency-images.nyc3.digitaloceanspaces.com/revoleoficial/1787156279020.jpg,Primera Mano,Hogar y Decoración
6a85da3fcfdecf0004e86d0d,Juego de Alfombras Sy-yh-2a,Juego de Alfombras Sy-yh-2a,in stock,new,14500 ARS,https://primeramano.github.io/?p=6a85da3fcfdecf0004e86d0d,https://pency-images.nyc3.digitaloceanspaces.com/revoleoficial/1787157040565.jpg,Primera Mano,Baño y Limpieza
6a872f5566257f00047014d3,Alfombra Absorbente de Diatomita 50CM x 80CM,Alfombra Absorbente de Diatomita 50CM x 80CM,in stock,new,11700 ARS,https://primeramano.github.io/?p=6a872f5566257f00047014d3,https://pency-images.nyc3.digitaloceanspaces.com/revoleoficial/1787244362221.jpg,Primera Mano,Baño y Limpieza
6a87307288463700049f4ca2,Caja para Huevos de Plastico,Caja para Huevos de Plastico,in stock,new,12100 ARS,https://primeramano.github.io/?p=6a87307288463700049f4ca2,https://pency-images.nyc3.digitaloceanspaces.com/revoleoficial/1787244645651.jpg,Primera Mano,Cocina y Bazar
6a8730a588463700049f4ca6,"Escurridor Plegable 26,5CM x 39CM","Escurridor Plegable 26,5CM x 39CM",in stock,new,11300 ARS,https://primeramano.github.io/?p=6a8730a588463700049f4ca6,https://pency-images.nyc3.digitaloceanspaces.com/revoleoficial/1787244700265.jpg,Primera Mano,Cocina y Bazar
6a87313088463700049f4ca7,Dispensador de Bebidas,Dispensador de Bebidas,in stock,new,9900 ARS,https://primeramano.github.io/?p=6a87313088463700049f4ca7,https://pency-images.nyc3.digitaloceanspaces.com/revoleoficial/1787244838135.jpg,Primera Mano,Cocina y Bazar
6a88681888eef500043a05ca,Alfombra de Baño,Alfombra de Baño,in stock,new,6500 ARS,https://primeramano.github.io/?p=6a88681888eef500043a05ca,https://pency-images.nyc3.digitaloceanspaces.com/revoleoficial/1787324436037.jpg,Primera Mano,Baño y Limpieza
6a8885c07e00940004bc9db9,Toallero Organizador,"Organizador de cajón🗄️ • 🗂️ Varios compartimientos para mantener todo ordenado • 💧 Lavable y fácil de limpiar • 🧵 Material resistente y duradero • 📦 Ideal para utensilios, ropa interior o accesorios • ✨ Diseño práctico, funcional y versátil",in stock,new,16100 ARS,https://primeramano.github.io/?p=6a8885c07e00940004bc9db9,https://pency-images.nyc3.digitaloceanspaces.com/revoleoficial/1767799758296.jpg,Primera Mano,Baño y Limpieza
6a8c9a0a0116ed000465f660,Espejo Rectangular Blanco,Espejo Rectangular Blanco,in stock,new,50500 ARS,https://primeramano.github.io/?p=6a8c9a0a0116ed000465f660,https://pency-images.nyc3.digitaloceanspaces.com/revoleoficial/1787599358938.jpg,Primera Mano,Hogar y Decoración
6a8ef79f456f9c00046edcd7,Cepillo de Inodoro Acero,Cepillo de Inodoro Acero,in stock,new,10500 ARS,https://primeramano.github.io/?p=6a8ef79f456f9c00046edcd7,https://pency-images.nyc3.digitaloceanspaces.com/revoleoficial/1787754385584.jpg,Primera Mano,Baño y Limpieza
6a8f0cb1eff79f00041a4e11,Horno Eléctrico,Capacidad: 9Lts,in stock,new,76800 ARS,https://primeramano.github.io/?p=6a8f0cb1eff79f00041a4e11,https://pency-images.nyc3.digitaloceanspaces.com/revoleoficial/1787759775752.jpg,Primera Mano,Cocina y Bazar
6a8f0d9866d415000a10e0bd,Máquina de Coser Mini,Máquina de Coser Mini,in stock,new,23600 ARS,https://primeramano.github.io/?p=6a8f0d9866d415000a10e0bd,https://pency-images.nyc3.digitaloceanspaces.com/revoleoficial/1787760004543.jpg,Primera Mano,Belleza y Bienestar
6a8f0dd9faf820000a1add79,Tira LED USB,Tira LED USB,in stock,new,23900 ARS,https://primeramano.github.io/?p=6a8f0dd9faf820000a1add79,https://pency-images.nyc3.digitaloceanspaces.com/revoleoficial/1787760075513.jpg,Primera Mano,Iluminación
6a8f0e0afea51e000adc23ea,Linterna,"🔦 Linterna LED Recargable Oryx ✅ Alcance de proyección de hasta 50 metros ✅ 2 modos de luz para distintos usos ✅ Hasta 10 horas de autonomía por carga ✅ Carga por USB, diseño resistente al polvo 🎒 Compacta y portátil, ideal para tener siempre a mano",in stock,new,5100 ARS,https://primeramano.github.io/?p=6a8f0e0afea51e000adc23ea,https://newredmayorista.com.ar/wp-content/uploads/2026/04/LINTERNA-RECARGABLE-OR003-600x600.webp,Primera Mano,Herramientas y Baterías
6a8f0e583bebd9000a007842,Mesa de Café Nube,Mesa de Café Nube,in stock,new,37200 ARS,https://primeramano.github.io/?p=6a8f0e583bebd9000a007842,https://pency-images.nyc3.digitaloceanspaces.com/revoleoficial/1787760205527.jpg,Primera Mano,Hogar y Decoración
6a8f2e8ca4495d0004fb0d6a,Plancha a Vapor Novohome,"💨 Plancha a Vapor de Mano Novohome 1200W ✅ Vapor potente para eliminar arrugas en segundos ✅ Control de temperatura variable ✅ Diseño ergonómico, desliza suave sin dañar la tela ✅ Luz indicadora de uso",in stock,new,43900 ARS,https://primeramano.github.io/?p=6a8f2e8ca4495d0004fb0d6a,https://acdn-us.mitiendanube.com/stores/007/254/947/products/503436325972-9f8245a79889ef1a3a17858729240284-640-0.webp,Primera Mano,Electrodomésticos
6a909dc40cee880004135be9,Sillón Nuvia 200CM x 83CM x 70CM,Sillón Nuvia 200CM x 83CM x 70CM,in stock,new,873600 ARS,https://primeramano.github.io/?p=6a909dc40cee880004135be9,https://pency-images.nyc3.digitaloceanspaces.com/revoleoficial/1787862444279.jpg,Primera Mano,Hogar y Decoración
6a909e410cee880004135bef,Sillón Individual Sora 80CM x 90CM x 73CM,Sillón Individual Sora 80CM x 90CM x 73CM,in stock,new,499200 ARS,https://primeramano.github.io/?p=6a909e410cee880004135bef,https://pency-images.nyc3.digitaloceanspaces.com/revoleoficial/1787862575171.jpg,Primera Mano,Hogar y Decoración
6a909e8e1ab8b400043e16e4,Sillón Mallow 190CM x 85CM x 60CM,Sillón Mallow 190CM x 85CM x 60CM,in stock,new,499200 ARS,https://primeramano.github.io/?p=6a909e8e1ab8b400043e16e4,https://pency-images.nyc3.digitaloceanspaces.com/revoleoficial/1787862650362.jpg,Primera Mano,Hogar y Decoración
6a909ee8c616490004b9a5ad,Sillón Elara 200CM x 90CM x 60CM,Sillón Elara 200CM x 90CM x 60CM,in stock,new,798700 ARS,https://primeramano.github.io/?p=6a909ee8c616490004b9a5ad,https://pency-images.nyc3.digitaloceanspaces.com/revoleoficial/1787862749440.jpg,Primera Mano,Hogar y Decoración
6a909f390cee880004135bf2,Sillón Siena 240CM x 86CM x 60CM,Sillón Siena 240CM x 86CM x 60CM,in stock,new,836200 ARS,https://primeramano.github.io/?p=6a909f390cee880004135bf2,https://pency-images.nyc3.digitaloceanspaces.com/revoleoficial/1787862806005.jpg,Primera Mano,Hogar y Decoración
6a91a0584dca09000463bb25,Vaporera Eléctrica 14 Huevos,"🥚 Vaporera / Huevera Eléctrica ✅ Cocina hasta 7 huevos a la vez, al punto que quieras ✅ 350W de potencia, apagado automático al terminar ✅ Tapa transparente para controlar la cocción ✅ Incluye vaso medidor con perforador de cáscara ⏱️ Rápida, práctica y fácil de limpiar",in stock,new,24100 ARS,https://primeramano.github.io/?p=6a91a0584dca09000463bb25,https://images.fravega.com/f1000/6310b91d34187fec6f39f0985cf23b17.jpg,Primera Mano,Electrodomésticos
6a91a2054dca09000463bb2a,Tender Retráctil de 5 Cuerdas,"Medida: 5x3,75",in stock,new,24500 ARS,https://primeramano.github.io/?p=6a91a2054dca09000463bb2a,https://pency-images.nyc3.digitaloceanspaces.com/revoleoficial/1787929085530.jpg,Primera Mano,Hogar y Decoración
6a91a2b04dca09000463bb30,Colchón Inflable para Auto,Colchón Inflable para Auto,in stock,new,45100 ARS,https://primeramano.github.io/?p=6a91a2b04dca09000463bb30,https://pency-images.nyc3.digitaloceanspaces.com/revoleoficial/1787929241328.jpg,Primera Mano,Belleza y Bienestar
6a91a30c7ee3a30004a4024a,Porta Vasos para Auto,Porta Vasos para Auto,in stock,new,8000 ARS,https://primeramano.github.io/?p=6a91a30c7ee3a30004a4024a,https://pency-images.nyc3.digitaloceanspaces.com/revoleoficial/1788524932690.jpg,Primera Mano,Tecnología y Audio
6a91b7a6368ecc000478039c,Gazebo Sin Pared,🔺🔹◽️▪️ Precios:  $76.000 efectivo  $79.000 transferencia,in stock,new,104300 ARS,https://primeramano.github.io/?p=6a91b7a6368ecc000478039c,https://pency-images.nyc3.digitaloceanspaces.com/revoleoficial/1787934589405.jpg,Primera Mano,Aire Libre y Jardín
6a91e923d8bf1400045c5455,Cesto para Ropa 40CM x 50CM / 60L,Cesto para Ropa 40CM x 50CM / 60L,in stock,new,7000 ARS,https://primeramano.github.io/?p=6a91e923d8bf1400045c5455,https://pency-images.nyc3.digitaloceanspaces.com/revoleoficial/1787947281964.jpg,Primera Mano,Hogar y Decoración
6a91ea941f422f0004fbc4ab,Neceser de Peluche 17CM x 7CM x 10CM,Neceser de Peluche 17CM x 7CM x 10CM,in stock,new,5700 ARS,https://primeramano.github.io/?p=6a91ea941f422f0004fbc4ab,https://pency-images.nyc3.digitaloceanspaces.com/revoleoficial/1787947658949.jpg,Primera Mano,Belleza y Bienestar
6a91ead71f422f0004fbc4ad,Set Smartwatch 11 en 1,Set Smartwatch 11 en 1,in stock,new,29000 ARS,https://primeramano.github.io/?p=6a91ead71f422f0004fbc4ad,https://pency-images.nyc3.digitaloceanspaces.com/revoleoficial/1787947722722.jpg,Primera Mano,Tecnología y Audio
6a93539232f8ab0004186558,Set X12 Cubiertos en Caja,Set X12 Cubiertos en Caja,in stock,new,28300 ARS,https://primeramano.github.io/?p=6a93539232f8ab0004186558,https://pency-images.nyc3.digitaloceanspaces.com/revoleoficial/1788040075752.jpg,Primera Mano,Cocina y Bazar
6a9353f632f8ab000418655d,Dispenser de Jabón 3 en 1 para Cocina,Dispenser de Jabón 3 en 1 para Cocina,in stock,new,17200 ARS,https://primeramano.github.io/?p=6a9353f632f8ab000418655d,https://pency-images.nyc3.digitaloceanspaces.com/revoleoficial/1788040174779.jpg,Primera Mano,Cocina y Bazar
6a93542032f8ab0004186560,Soporte Metálico de Celular para Escritorio,Soporte Metálico de Celular para Escritorio,in stock,new,2000 ARS,https://primeramano.github.io/?p=6a93542032f8ab0004186560,https://pency-images.nyc3.digitaloceanspaces.com/revoleoficial/1788040216073.jpg,Primera Mano,Tecnología y Audio
6a93545732f8ab0004186563,Soporte de Celular para Auto,Soporte de Celular para Auto,in stock,new,8300 ARS,https://primeramano.github.io/?p=6a93545732f8ab0004186563,https://pency-images.nyc3.digitaloceanspaces.com/revoleoficial/1788275072706.jpg,Primera Mano,Tecnología y Audio
6a93547e5a64e0000497305b,Soporte de Celular 360' para Auto,Soporte de Celular 360' para Auto,in stock,new,8300 ARS,https://primeramano.github.io/?p=6a93547e5a64e0000497305b,https://pency-images.nyc3.digitaloceanspaces.com/revoleoficial/1788040304985.jpg,Primera Mano,Tecnología y Audio
6a9354a65a64e0000497305c,Dispenser de Agua Moderno USB Recargable,Dispenser de Agua Moderno USB Recargable,in stock,new,7800 ARS,https://primeramano.github.io/?p=6a9354a65a64e0000497305c,https://pency-images.nyc3.digitaloceanspaces.com/revoleoficial/1788040345323.jpg,Primera Mano,Cocina y Bazar
6a9354ce5a64e0000497305d,Juegos X3 Tablas,Juegos X3 Tablas,in stock,new,19000 ARS,https://primeramano.github.io/?p=6a9354ce5a64e0000497305d,https://pency-images.nyc3.digitaloceanspaces.com/revoleoficial/1788040388745.jpg,Primera Mano,Cocina y Bazar
6a9355233c35ee0004145c72,Rociador de Aceite de Vidrio Doble Pico para Cocina 450ML,Rociador de Aceite de Vidrio Doble Pico para Cocina 450ML,in stock,new,5500 ARS,https://primeramano.github.io/?p=6a9355233c35ee0004145c72,https://pency-images.nyc3.digitaloceanspaces.com/revoleoficial/1788040478709.jpg,Primera Mano,Cocina y Bazar
6a93554f5a64e0000497305e,Cubetera Botella de Hielo Portátil Esferas,Cubetera Botella de Hielo Portátil Esferas,in stock,new,9900 ARS,https://primeramano.github.io/?p=6a93554f5a64e0000497305e,https://pency-images.nyc3.digitaloceanspaces.com/revoleoficial/1788040518396.jpg,Primera Mano,Cocina y Bazar
6a93560e5a64e00004973060,Set de Ollas Grande 10PCS Oryx,Set de Ollas Grande 10PCS Oryx,in stock,new,155200 ARS,https://primeramano.github.io/?p=6a93560e5a64e00004973060,https://pency-images.nyc3.digitaloceanspaces.com/revoleoficial/1788040714556.jpg,Primera Mano,Cocina y Bazar
6a93562a5a64e00004973061,Organizador 360' Redondo para Cocina 6 Compartimientos,Organizador 360' Redondo para Cocina 6 Compartimientos,in stock,new,27700 ARS,https://primeramano.github.io/?p=6a93562a5a64e00004973061,https://pency-images.nyc3.digitaloceanspaces.com/revoleoficial/1788040741612.jpg,Primera Mano,Cocina y Bazar
6a93564c32f8ab0004186566,Organizador Cuadrado para Cocina 8 Compartimientos,Organizador Cuadrado para Cocina 8 Compartimientos,in stock,new,18800 ARS,https://primeramano.github.io/?p=6a93564c32f8ab0004186566,https://pency-images.nyc3.digitaloceanspaces.com/revoleoficial/1788040775968.jpg,Primera Mano,Cocina y Bazar
6a93566e32f8ab0004186567,Organizador Cuadrado para Cocina 4 Compartimientos,Organizador Cuadrado para Cocina 4 Compartimientos,in stock,new,18600 ARS,https://primeramano.github.io/?p=6a93566e32f8ab0004186567,https://pency-images.nyc3.digitaloceanspaces.com/revoleoficial/1788040804610.jpg,Primera Mano,Cocina y Bazar
6a9356985a64e00004973062,Kit Organizador de Especias Tapas de Bambú y Etiquetas,Kit Organizador de Especias Tapas de Bambú y Etiquetas,in stock,new,27700 ARS,https://primeramano.github.io/?p=6a9356985a64e00004973062,https://pency-images.nyc3.digitaloceanspaces.com/revoleoficial/1788040846950.jpg,Primera Mano,Cocina y Bazar
6a9356f35a64e00004973063,Set de Secador de Pelo + Plancha de Pelo con Regulador,Set de Secador de Pelo + Plancha de Pelo con Regulador,in stock,new,31300 ARS,https://primeramano.github.io/?p=6a9356f35a64e00004973063,https://pency-images.nyc3.digitaloceanspaces.com/revoleoficial/1788040935936.jpg,Primera Mano,Belleza y Bienestar
6a93571f5a64e00004973064,"Espejo LED Táctil USB 22"" 55CM","Espejo LED Táctil USB 22"" 55CM",in stock,new,68600 ARS,https://primeramano.github.io/?p=6a93571f5a64e00004973064,https://pency-images.nyc3.digitaloceanspaces.com/revoleoficial/1788040981549.jpg,Primera Mano,Hogar y Decoración
6a93573c5a64e00004973066,Reflector 50W 60LED 220V,Reflector 50W 60LED 220V,in stock,new,20100 ARS,https://primeramano.github.io/?p=6a93573c5a64e00004973066,https://pency-images.nyc3.digitaloceanspaces.com/revoleoficial/1788041009472.jpg,Primera Mano,Iluminación
6a9357605a64e00004973067,Reflector 100W 120LED 220V,Reflector 100W 120LED 220V,in stock,new,34800 ARS,https://primeramano.github.io/?p=6a9357605a64e00004973067,https://pency-images.nyc3.digitaloceanspaces.com/revoleoficial/1788041048567.jpg,Primera Mano,Iluminación
6a9357855a64e00004973069,Cartel LED Luminoso Abierto,Cartel LED Luminoso Abierto,in stock,new,15900 ARS,https://primeramano.github.io/?p=6a9357855a64e00004973069,https://pency-images.nyc3.digitaloceanspaces.com/revoleoficial/1788041074289.jpg,Primera Mano,Comercial
6a9357b35a64e0000497306a,"Ventilador de Techo 52"" Oryx","🌀 Ventilador de Techo Oryx con Luz LED ✅ 4 aspas retráctiles, diseño moderno tipo lámpara ✅ Panel LED con 3 tonos de luz (cálida, neutra, fría) ✅ Control remoto con timer y 6 velocidades ✅ Función reversible para usar en verano e invierno 🔧 Kit de instalación completo incluido",in stock,new,114000 ARS,https://primeramano.github.io/?p=6a9357b35a64e0000497306a,https://images.fravega.com/f1000/0bbda0feb527f5a1dfbde4aa90ffed1f.jpg,Primera Mano,Electrodomésticos
6a9357d15a64e0000497306b,"Sartén de Cocina Antiadherente 18CM x 18,5CM","Sartén de Cocina Antiadherente 18CM x 18,5CM",in stock,new,21800 ARS,https://primeramano.github.io/?p=6a9357d15a64e0000497306b,https://pency-images.nyc3.digitaloceanspaces.com/revoleoficial/1788041161608.jpg,Primera Mano,Cocina y Bazar
6a93585a5a64e00004973071,Set de Ollas 5PCS Oryx,Set de Ollas 5PCS Oryx,in stock,new,68600 ARS,https://primeramano.github.io/?p=6a93585a5a64e00004973071,https://pency-images.nyc3.digitaloceanspaces.com/revoleoficial/1788041300613.jpg,Primera Mano,Cocina y Bazar
6a93588b5a64e00004973072,Pistola de Pintura Oryx 650W,Pistola de Pintura Oryx 650W,in stock,new,45600 ARS,https://primeramano.github.io/?p=6a93588b5a64e00004973072,https://pency-images.nyc3.digitaloceanspaces.com/revoleoficial/1788041331988.jpg,Primera Mano,Herramientas y Baterías
6a95cb60e06a9400048e2e36,Gazebos con Ventana Rojo,Gazebos con Ventana Rojo,in stock,new,150600 ARS,https://primeramano.github.io/?p=6a95cb60e06a9400048e2e36,https://pency-images.nyc3.digitaloceanspaces.com/revoleoficial/1788201816862.jpg,Primera Mano,Aire Libre y Jardín
6a95cb9775f856000418578c,Gazebos con Ventana Blanco,Gazebos con Ventana Blanco,in stock,new,150600 ARS,https://primeramano.github.io/?p=6a95cb9775f856000418578c,https://pency-images.nyc3.digitaloceanspaces.com/revoleoficial/1788201877349.jpg,Primera Mano,Aire Libre y Jardín
6a95d196329b3b00043eac88,Mochila USB + Bandolera + Cartuchera 3 en 1,Mochila: 47cm x 29cm  Bandolera: 23cm x 25cm  Monedero: 10cm x 18cm,in stock,new,17400 ARS,https://primeramano.github.io/?p=6a95d196329b3b00043eac88,https://pency-images.nyc3.digitaloceanspaces.com/revoleoficial/1788203288181.jpg,Primera Mano,Infantil y Juguetería
6a95d1d2329b3b00043eac89,Puff con Cajonera 40CM x 25CM x 25CM,Puff con Cajonera 40CM x 25CM x 25CM,in stock,new,25100 ARS,https://primeramano.github.io/?p=6a95d1d2329b3b00043eac89,https://pency-images.nyc3.digitaloceanspaces.com/revoleoficial/1788203461778.jpg,Primera Mano,Organización
6a95d272e06a9400048e2e37,Puff con Cajonera 76CM x 38CM x 38CM,Puff con Cajonera 76CM x 38CM x 38CM,in stock,new,49700 ARS,https://primeramano.github.io/?p=6a95d272e06a9400048e2e37,https://pency-images.nyc3.digitaloceanspaces.com/revoleoficial/1788203623503.jpg,Primera Mano,Organización
6a95d4076f92630004732f18,Aplique Solar Exterior de Pared con 2 Luces,Aplique Solar Exterior de Pared con 2 Luces,in stock,new,4900 ARS,https://primeramano.github.io/?p=6a95d4076f92630004732f18,https://pency-images.nyc3.digitaloceanspaces.com/revoleoficial/1788204033226.jpg,Primera Mano,Iluminación
6a95d45fe06a9400048e2e39,Cenicero Inteligente Sin Humo,Cenicero Inteligente Sin Humo,in stock,new,9600 ARS,https://primeramano.github.io/?p=6a95d45fe06a9400048e2e39,https://pency-images.nyc3.digitaloceanspaces.com/revoleoficial/1788204121756.jpg,Primera Mano,Hogar y Decoración
6a95d47e360edb000460c3c1,Bandeja Giratoria de Mesa con 6 Platos,Bandeja Giratoria de Mesa con 6 Platos,in stock,new,60800 ARS,https://primeramano.github.io/?p=6a95d47e360edb000460c3c1,https://pency-images.nyc3.digitaloceanspaces.com/revoleoficial/1788204145790.jpg,Primera Mano,Cocina y Bazar
6a95d4d26f92630004732f1a,Base Móvil Metálico Transporta Electrodomésticos,Base Móvil Metálico Transporta Electrodomésticos,in stock,new,15300 ARS,https://primeramano.github.io/?p=6a95d4d26f92630004732f1a,https://pency-images.nyc3.digitaloceanspaces.com/revoleoficial/1788204236494.jpg,Primera Mano,Herramientas y Baterías
6a95d4f06f92630004732f1b,Planta Artificial 24 Hojas 90CM Pata de Elefante,Planta Artificial 24 Hojas 90CM Pata de Elefante,in stock,new,37200 ARS,https://primeramano.github.io/?p=6a95d4f06f92630004732f1b,https://pency-images.nyc3.digitaloceanspaces.com/revoleoficial/1788204263697.jpg,Primera Mano,Hogar y Decoración
6a95d504360edb000460c3c3,Zapatilla Eléctrica 4 Multi-tomas y 2 USB,Zapatilla Eléctrica 4 Multi-tomas y 2 USB,in stock,new,11100 ARS,https://primeramano.github.io/?p=6a95d504360edb000460c3c3,https://pency-images.nyc3.digitaloceanspaces.com/revoleoficial/1788204289092.jpg,Primera Mano,Herramientas y Baterías
6a95d51737eaa800040887ed,"Zapatilla Eléctrica 6 Multi-tomas, 2 USB y 1 Tipo C","Zapatilla Eléctrica 6 Multi-tomas, 2 USB y 1 Tipo C",in stock,new,15900 ARS,https://primeramano.github.io/?p=6a95d51737eaa800040887ed,https://pency-images.nyc3.digitaloceanspaces.com/revoleoficial/1788375388494.jpg,Primera Mano,Herramientas y Baterías
6a95d52f37eaa800040887ee,Zapatilla Eléctrica Redonda 4 Multi-tomas + 2 USB y 1 Tipo C,Zapatilla Eléctrica Redonda 4 Multi-tomas + 2 USB y 1 Tipo C,in stock,new,12500 ARS,https://primeramano.github.io/?p=6a95d52f37eaa800040887ee,https://pency-images.nyc3.digitaloceanspaces.com/revoleoficial/1788204330090.jpg,Primera Mano,Herramientas y Baterías
6a97307f1fe0d40004e6ba13,Cable Power Alimentación Trébol Ex00057,Cable Power Alimentación Trébol Ex00057,in stock,new,2300 ARS,https://primeramano.github.io/?p=6a97307f1fe0d40004e6ba13,https://pency-images.nyc3.digitaloceanspaces.com/revoleoficial/1788293241573.jpg,Primera Mano,Herramientas y Baterías
6a9977a355d45300044c1fd3,Alfombra de Baño Memory Gris,Alfombra de Baño Memory Gris,in stock,new,6600 ARS,https://primeramano.github.io/?p=6a9977a355d45300044c1fd3,https://pency-images.nyc3.digitaloceanspaces.com/revoleoficial/1788442515225.jpg,Primera Mano,Baño y Limpieza
6a9977e0be79bc00045ec881,Alfombra de Baño Memory Blanco,Alfombra de Baño Memory Blanco,in stock,new,6600 ARS,https://primeramano.github.io/?p=6a9977e0be79bc00045ec881,https://pency-images.nyc3.digitaloceanspaces.com/revoleoficial/1788442580429.jpg,Primera Mano,Baño y Limpieza
6a9978517166e60004984ed1,Rascador Torre para Gatos Azul,Rascador Torre para Gatos Azul,in stock,new,34800 ARS,https://primeramano.github.io/?p=6a9978517166e60004984ed1,https://pency-images.nyc3.digitaloceanspaces.com/revoleoficial/1788442639406.jpg,Primera Mano,Mascotas
6a99d0095278320004ddcebb,Silla Ratan + Aluminio,Silla Ratan + Aluminio,in stock,new,27900 ARS,https://primeramano.github.io/?p=6a99d0095278320004ddcebb,https://pency-images.nyc3.digitaloceanspaces.com/revoleoficial/1788465157939.jpg,Primera Mano,Aire Libre y Jardín
6a99df9e94d2690004fc3d15,Sartén 22CM,Sartén 22CM,in stock,new,5800 ARS,https://primeramano.github.io/?p=6a99df9e94d2690004fc3d15,https://pency-images.nyc3.digitaloceanspaces.com/revoleoficial/1788469143371.jpg,Primera Mano,Cocina y Bazar
6a99e06694d2690004fc3d19,Caja Almacenamiento Cubiertos,Caja Almacenamiento Cubiertos,in stock,new,18200 ARS,https://primeramano.github.io/?p=6a99e06694d2690004fc3d19,https://pency-images.nyc3.digitaloceanspaces.com/revoleoficial/1788469345950.jpg,Primera Mano,Cocina y Bazar
pmtqemd52q6ynh,CARPA AUTOMÁTICA 6 PERSONAS AZUL,CARPA AUTOMÁTICA 6 PERSONAS AZUL,in stock,new,69300 ARS,https://primeramano.github.io/?p=pmtqemd52q6ynh,assets/products/pmtqemd52q6ynh-0.jpg?v=1788735081419,Primera Mano,Aire Libre y Jardín
pmtqet7ecpjwrb,CARPA AUTOMÁTICA 6 PERSONAS VERDE,CARPA AUTOMÁTICA 6 PERSONAS VERDE,in stock,new,69300 ARS,https://primeramano.github.io/?p=pmtqet7ecpjwrb,assets/products/pmtqet7ecpjwrb-0.jpg?v=1788735350753,Primera Mano,Aire Libre y Jardín
pmtunei3pzh2ii,ESTANTERÍA PLEGABLE 5 NIVELES,✅DISPONIBLE EN NEGRO ✅5 NIVELES ✅UTILIZABLE EN MÁS DE 5 ESPACIOS DIFERENTES ✅CON RUEDAS ✅RESISTE PESO CON RUEDAS 100KG - PESOS SIN RUEDAS 125KG ✅RESISTENTE AL AGUA ✅NO REQUIERE HERRAMIENTAS PARA ARMADO,in stock,new,79000 ARS,https://primeramano.github.io/?p=pmtunei3pzh2ii,assets/products/pmtunei3pzh2ii-0.jpg?v=1788991660743,Primera Mano,Organización
pmtunhz15w2m70,ESTANTERÍA PLEGABLE 5 NIVELES,✅DISPONIBLE EN NEGRO ✅5 NIVELES ✅UTILIZABLE EN MÁS DE 5 ESPACIOS DIFERENTES ✅CON RUEDAS ✅RESISTE PESO CON RUEDAS 100KG - PESOS SIN RUEDAS 125KG ✅RESISTENTE AL AGUA ✅NO REQUIERE HERRAMIENTAS PARA ARMADO,in stock,new,79000 ARS,https://primeramano.github.io/?p=pmtunhz15w2m70,assets/products/pmtunhz15w2m70-0.jpg?v=1788991786362,Primera Mano,Organización
